Article;Title;Unit;Count;Type;Price;GOST;Package;Characteristic
;Мука Сокольническая;;;Мука;32.50 руб.;; 1 кг;
;Мука высший сорт ;;;Мука;20 руб./кг;;50 кг;
;Мука пшеничная (1 сорт, высший сорт);;;Мука;;;;
;"Мука ""Макфа"" в/с ";;;Мука;278.20 руб.;;10 кг;
;Мука пшеничная высший сорт;;;Мука;от 13.20 до 14.50 руб./кг;;;
;Мука Высшего сорта;;;Мука;15.50 руб./кг;;;
;Мука пшеничная;;;Мука;;;;
;Мука пшеничная Гост высший сорт;;;Мука;;;5, 10. 50 кг;
;Мука хлебопекарная в/с (ГОСТ);;;Мука;14100;;;
;Мука хлебопекарная I/c (ГОСТ);;;Мука;13600;;;
;Мука хлебопекарная II/c (ГОСТ);;;Мука;13400;;;
;Мука хлебопекарная пшеничная обойная;;;Мука;14600;;;
;Мука ржаная сеяная;;;Мука;11900;;;
;Мука ржаная обдирная;;;Мука;10300;;;
;Мука хлебопекарная ржаная цельная;;;Мука;10300;;;
;Мука ржаная обойная;;;Мука;10300;;;
;Мука овсяная;;;Мука;17700;;;
;Мука пшеничная в/с ГОСТ;т;;Мука;14000р/т;;;кл.28,бел.58-61,ИДК-75-85
;Мука пшеничная ТУ;;;Мука;;;;кл.24-27,бел.42-58,ИДК-75-85
;Мука пшеничная 1-ый сорт ГОСТ;;;Мука;;;;кл.30,бел.42-48,ИДК-75-85
;Мука ржаная;;;Мука;;;;
;сеяная;;;Мука;;;;
;Мука 2-ой сорт ГОСТ;;;Мука;;;;кл.25,бел.15-20,ИДК 90
1;Сахар кусковой твердый прес. (1х0,4кг)х30;;;Сахар;28,8;;;
2;Сахар кусковой твердый прес. (1х0,8кг)х15;;;Сахар;48,2;;;
3;Сахар леденцовый белый Confer (1х0,15кг)х16;;;Сахар;54,2;;;
4;Сахар леденцовый коричневый Confer (1х0,15кг)х16;;;Сахар;62,1;;;
5;Сахар порционный ( 1х 5 г ) х 1500;;;Сахар;0,5;;;
6;Сахар рафинад («Ленсахар») 90 ( 1х0,5кг) х 40;;;Сахар;25,9;;;
7;Сахар рафинад , «Русский сахар» ( 1х0,5кг ) х 40;;;Сахар;28;;;
8;Сахар рафинад , «Русский сахар» ( 1х1кг ) х 20;;;Сахар;50,5;;;
9;Сахар рафинад , «Чайкофский» ( 1х0,5кг ) х 40;;;Сахар;30,2;;;
10;Сахар рафинад , «Чайкофский» ( 1х1кг ) х 20;;;Сахар;57;;;
11;Сахар рафинад , «Чайкофский», фигурн. ( 1х0,5кг ) х 12;;;Сахар;46,2;;;
12;Сахар-песок весовой (1 х 1кг) х 50;;;Сахар;46,5;;;
13;Сахар-песок тёмно-коричневый. п/пак ( 1х0,9кг ) х 10 «Брауни»;;;Сахар;98,9;;;
14;Сахар-песок фас. в п/пак. ( 1х1кг ) х 12 «Русский»;;;Сахар;53,8;;;
15;Сахар-песок фас. (Расф.)  в п/пак. ( 1х1кг ) х 21;;;Сахар;45;;;
16;Сахар-песок фас.б/пак ( 1х0,9кг ) х 10 «Чайкофский»;;;Сахар;45,4;;;
1;Соль «Помол 1» ( 1х1 кг) х 18;;;Соль;16,9;;;
2;Соль поваренная пищевая мелкая высший сорт (1 х 1кг) х 18;;;Соль;21,3;;;
3;Соль в солонке  (1х500 г) х 10;;;Соль;30,4;;;
4;Соль в солонке йод. ( 1х 500 г ) х 20;;;Соль;30,6;;;
5;Соль в солонке йод. ( 1х250 г ) х 21;;;Соль;27,2;;;
6;Соль поваренная пищевая мелкая йодированная высший сорт (1х1кг) х 18, «Салина»;;;Соль;21,8;;;
;разрыхлитель теста 10г Спецаромат;;;Разрыхлитель;1,03;;;
;разрыхлитель теста 12г Агроимпорт;;;Разрыхлитель;1,24;;;
;разрыхлитель теста 12г Премьер;;;Разрыхлитель;1,24;;;
;разрыхлитель теста 18г Цикория;;;Разрыхлитель;1,3;;;
;Обычное яйцо перепелиное;упак;;Яйца;45 руб/упаковка;;;
;Отборное яйцо перепелиное;упаковка;;Яйца;60 руб/упаковка;;;
;Яйцо второй категории  (45-55 гр.);;;Яйца;37-00;;;
;Яйцо первой категории (55-65  гр.);;;Яйца;42-00;;;
;Яйцо отборной категории (65-75 гр.);;;Яйца;44-00;;;
;Яйцо высшей категории (75-90 гр.);;;Яйца;50-00;;;
;"Масло ""Крестьянское"" весовое";кг;;Масло;;ГОСТ 37-91;;
;"Масло ""Крестьянское"" в кашированной фольге 170 гр.";шт;;Масло;;ГОСТ 37-91;;
;Масло шоколадное весовое;кг;;Масло;;ГОСТ 6822-67;;
;Масло шоколадное в кашированной фольге 200гр;шт;;Масло;;ГОСТ 6822-67;;
;"Спред ""Кубанский"" весовой";кг;;Спред;;ТУ 9148-003-49464 828-04;;
;"Спред ""Кубанский"" в фольге 170 гр.";шт;;Спред;;ТУ 9148-003-49464 828-04;;
;"Спред ""Кубанский"" 82,5% жирн. весовой.";кг;;Спред;;ТУ 9148-003-49464 828-04;;
;"Спред ""Кубанский"" 82,5% жирн. в фольге 170 гр.";шт;;Спред;;ТУ 9148-003-49464828-04;;
;"Молоко паст. ""Краснодарское"" 3.2 % жирн. во флягах";кг;;Молоко;;ТУ 9222-001-49464 828;;
;"Молоко паст. ""Краснодарское"" 2,5 % жирн. во флягах";л;;Молоко;;ТУ 9222-001-49464 828-04;;
;"Молоко пастер. ""Краснодарское"" 2,5% жирн. в пленке 1л";шт;;Молоко;;ТУ 9222-001-49464 828-04;;
;"Молоко пастер. ""Краснодарское"" 2,5% жирн. в пленке 0,5л";шт;;Молоко;;ТУ 9222-001-49464 828-04;;
;"Молоко пастер. ""Краснодарское"" 3,2% жирн. в пленке 1 л.";шт;;Молоко;;ТУ 9222-001-49464 828-04;;
;"Молоко пастер. ""Краснодарское"" 3,2% жирн. в пакетах Пюр-Пак 1 л";шт;;Молоко;;ТУ 9222-001-49464 828-04;;
;Молоко цельное отборное пастер. 3,5% жирн. Lean Рack 1л.;шт;;Молоко;;ТУ 9222-001-49464 828-04;;
;Кефир 2,5% жирн. в пленке 500 гр.;шт;;Кефир;;ТУ 9222-356-00419 785-04;;
;Кефир 2,5% жирн. в пленке 1000 гр.;шт;;Кефир;;ГОСТ Р 52093-2003;;
;Кефир 2,5% жирн. в пакетах Пюр-Пак 1000 гр.;шт;;Кефир;;ГОСТ Р 52093-2003;;
;Кефир 2,5% жирн. в пакетах Пюр-Пак 500 гр.;шт;;Кефир;;ГОСТ Р 52093-2003;;
;Кефир 2,5% жирн. в пакетах Пюр-Пак 200 гр.;шт;;Кефир;;ГОСТ Р 52093-2003;;
;Кефир 2,5% жирн. в пакетах Lean Рack 1000 гр.;шт;;Кефир;;ГОСТ Р 52093-2003;;
;Кефир 3,2% жирн. в пакетах Lean Рack 1000 гр.;шт;;Кефир;;ГОСТ Р 52093-2003;;
;Сливки 10% жирн. в пакетах Пюр-Пак 500 гр.;шт;;Сливки;;ГОСТ Р 52091-2003;;
;Сливки 20% жирн. во флягах;кг;;Сливки;;ГОСТ Р 52091-2003;;
;Сметана 15% жирн. вес.;кг;;Сметана;;ТУ 9222-355-00419 785-04;;
;Сметана 15% жирн. в полист. стаканчиках 240 гр.;шт;;Сметана;;ТУ-9222-355-00419 785-04;;
;Сметана 15% жирн. в полист. стаканчиках 470 гр.;шт;;Сметана;;ТУ-9222-355-00419 785-04;;
;Сметана 20% жирн. вес.;кг;;Сметана;;ТУ 9222-355-00419 785-04;;
;Сметана 20% жирн. в полистироловых стаканчиках 100 гр.;шт;;Сметана;;ТУ 10,02,02,789-89;;
;Сметана 20 % жирн. в полист. стак. 240гр.;шт;;Сметана;;ТУ-9222-355-00419 785-04;;
;Сметана 20% жирн. в полист. стаканчиках 240 гр. (герм. упак.);шт;;Сметана;;ТУ-9222-355-00419 785-04;;
;Сметана 20% жирн. в полист. стаканчиках 470 гр.;шт;;Сметана;;ТУ-9222-355-00419 785-04;;
;Сметана 20% жирн. в пленке 470 гр.;шт;;Сметана;;ТУ 9222-355-00419 785-04;;
;Сметана 20% жирн. в пленке 250 гр.;шт;;Сметана;;ТУ 9222-355-00419 785-04;;
;Сметана 20% жирн. ведро 900 гр;шт;;Сметана;;ТУ 9222-355-00419 785-04;;
;"""Сметанка из крынки"" 20% жирн. 240гр";шт;;Сметана;;ТУ 9222-355-00419 785-04;;
;"""Сметанка из крынки"" 20% жирн. в п/с 470гр";шт;;Сметана;;ТУ 9222-355-00419 785-04;;
;Сметанка из крынки 20% жирн. ведро 600гр;шт;;Сметана;;ТУ 9222-355-00419 785-04;;
;Сметанка из крынки 20% жирн. ведро 900г;шт;;Сметана;;ТУ 9222-355-00419 785-04;;
;"""Сметанка из крынки"" 20% жирн. вес.";кг;;Сметана;;ТУ 9222-355-00419 785-04;;
;"""Сметанка из крынки"" 20% жирн. термизир. п/с 240гр";шт;;Сметана;;ТУ 9222-355-00419 785-04;;
;"Масса твор.""Солнышко Кубани"" 23% жирн. сладкая с изюмом весовая";кг;;Масса творожная;;ТУ 9222-030-00439 888-03;;
;"Масса твор. ""Солнышко Кубани""23% жирн.сладкая с изюмом в фольге 100 гр";шт;;Масса творожная;;ТУ 9222-030-00439 888-03;;
;"Масса твор.""Солнышко Кубани"" 23% жирн.сладк.с курагой в фольге 100 гр";шт;;Масса творожная;;ТУ 9222-030-00439 888-03;;
;"Твор.масса ""Солнышко Кубани"" 23% жирн. с изюм. вес.";кг;;Масса творожная;;ТУ 9222-030-00439 888-05;;
;"Творог ""Гулькевичский"" нежирный вес.";кг;;Творог;;ТУ 9220-002-49464828-04;;
;"Творог ""Гулькевичский"" нежирный в перг. 250 гр.";шт;;Творог;;ТУ 9220-002-49464828-04;;
;Творог 5% жирн. весовой;кг;;Творог;;ТУ 9222-180-00419 785-99;;
;"Творог 5% жирн. ""Гулькевичский"" вес.";кг;;Творог;;ТУ 9220-002-49464 828-04;;
;"Творог 5% жирн. ""Гулькевичский"" в перг. 250 гр.";шт;;Творог;;ТУ 9220-002-49464 828-04;;
;"Творог 5% жирн. ""Гулькевичский"" в пленке 250 гр.";шт;;Творог;;ТУ 9220-002-49464 828-04;;
;"Творог 5% жирн. ""Гулькевичский"" брикет 250 гр.";шт;;Творог;;ТУ 9220-002-49464 828-04;;
;"Творог 5% жирн. ""Гулькевичский"" в барьерной пленке 500гр.";шт;;Творог;;ТУ 9220-002-49464 828-04;;
;"Творог 5% жирн. ""Гулькевичский"" барьерный пакет 5 кг";шт;;Творог;;ТУ 9220-002-49464 828-04;;
;Творог 9% жирн. вес.;кг;;Творог;;ТУ 9222-180-00419 785-99;;
;"Творог 9% жирн. ""Гулькевичский"" вес.";кг;;Творог;;ТУ РСФСР 21-152-89;;
;Творог 18% жирн. весовой;кг;;Творог;;ТУ 9222-180-00419 785-99;;
;Молоко цельное сгущенное с сахаром во флягах;кг;;Сгущенное молоко;;ГОСТ 2903-78;;
;Прод. сгущенный с сах. 8,5% жирн. вес.;шт;;Сгущенное молоко;;ТУ 9226-026-13870 642-05;;
;Прод. сгущенный с сах. 8,5% жирн. в п/с 200 гр.;шт;;Сгущенное молоко;;ТУ 9226-026-13870 642-05;;
;"Майонез ""Кубанский"" весовой";кг;;Майонез;;ГОСТ 30004.1-93;;
;"Майонез ""Кубанский"" в полист. стаканчиках 250 гр.";шт;;Майонез;;ГОСТ 30004.1-93;;
;"Майонез ""Кубанский"" ведро 1 кг";шт;;Майонез;;ГОСТ 30004.1-93;;
;Молоко сухое обезжиренное;кг;;Молоко;;ГОСТ 10970-87;;
;Молоко цельное сухое 25% жирности;кг;;Молоко;;ГОСТ 4495-87;;
;мед цветочный (луговое разнотравье);кг;;Мед;144;;;
;мед лесной;кг;;Мед;153;;;
;мед цветочно-гречишный;кг;;Мед;198;;;
;мед цветочно-липовый;кг;;Мед;360;;;
;мед  акации;кг;;Мед;396;;;
;крем-мед;кг;;Мед;153;;;
;мед с прополисом;кг;;Мед;216;;;
;мед с пергой;кг;;Мед;315;;;
;мед с пыльцой;кг;;Мед;315;;;
1;КАКАО-ПОРОШОК ДЛЯ ПРОМЫШЛЕННОЙ ПЕРЕРАБОТКИ ВЕЛЛА МОЛОТАЯ;;;Какао-порошок;;;МЕШОК 25кг ;
2;КАКАО-ПОРОШОК НАТУРАЛЬНЫЙ, ЖИРНОСТЬ 11.4%, pH 5.8;;;Какао-порошок;;;МЕШОК 25кг;
3;КАКАО-ПОРОШОК НАТУРАЛЬНЫЙ ГОСТ 108-76;;;Какао-порошок;;;МЕШОК 25кг;
4;KVB 0850 КАКАО-ПОРОШОК НАТУРАЛЬНЫЙ KVB / Cargill;;;Какао-порошок;;;МЕШОК 25кг;
5;KVB 8710 КАКАО-ПОРОШОК СЛАБО АЛКАЛИЗОВАННЫЙ KVB / Cargill;;;Какао-порошок;;;;
6;KVB 8965 КАКАО-ПОРОШОК АЛКАЛИЗОВАННЫЙ KVB / Cargill;;;Какао-порошок;;;;
7;"ESFIRA КАКАО-ПОРОШОК СИЛЬНО АЛКАЛИЗОВАННЫЙ pH 8,0 ""ЭСФИРА""";;;Какао-порошок;;;МЕШОК 25кг;
8;"JB 800 КАКАО-ПОРОШОК АЛКАЛИЗОВАННЫЙ ""JB COCOA""";;;Какао-порошок;;;МЕШОК 25кг;
00007643;Ароматизатор  Ананас 1001;кг.;;Ароматизаторыэ;;;;
00000012;Ароматизатор  Анис 1011;кг.;;Ароматизаторыэ;;;;
00002322;Ароматизатор Апельсин (Австрия);кг.;;Ароматизаторыэ;;;;
00001211;Ароматизатор Апельсин (РФ);кг.;;Ароматизаторыэ;;;;
00001776;Ароматизатор банан 1131;кг.;;Ароматизаторыэ;;;;
00001214;Ароматизатор Барбарис 1162;кг.;;Ароматизаторыэ;;;;
00007017;Ароматизатор Брусника 3902;кг.;;Ароматизаторыэ;;;;
00001215;Ароматизатор Ваниль 1141 (РФ);кг.;;Ароматизаторыэ;;;;
00002323;Ароматизатор Ваниль (Австрия);кг.;;Ароматизаторыэ;;;;
00001237;Ароматизатор Ванильно-сливочный 2401;кг.;;Ароматизаторыэ;;;;
00001517;Аароматизатор Виноград 9004;кг.;;Ароматизаторыэ;;;;
00001219;Ароматизатор Вишня 1152;кг.;;Ароматизаторыэ;;;;
00007299;Ароматизатор Горький миндаль (Австрия);кг.;;Ароматизаторыэ;;;;
00001217;Ароматизатор Горький миндаль 1181;кг.;;Ароматизаторыэ;;;;
00541;Ароматизатор Грецкий орех 1171;кг.;;Ароматизаторыэ;;;;
00001220;Ароматизатор Груша 1161;кг.;;Ароматизаторыэ;;;;
00003095;Ароматизатор Дыня 1103;кг.;;Ароматизаторыэ;;;;
00001221;Ароматизатор Дюшес 9015;кг.;;Ароматизаторыэ;;;;
00001222;Ароматизатор Зеленое яблоко 3403;кг.;;Ароматизаторыэ;;;;
00001778;Ароматизатор Земляника 1605;кг.;;Ароматизаторыэ;;;;
00001951;Ароматизатор Ирландский крем 7112;кг.;;Ароматизаторыэ;;;;
00798;Ароматизатор Какао 1301;кг.;;Ароматизаторыэ;;;;
00001780;Ароматизатор Карамель 2403;кг.;;Ароматизаторыэ;;;;
00001781;Ароматизатор Клубника 1603;кг.;;Ароматизаторыэ;;;;
00001223;Ароматизатор Клюква 7500;кг.;;Ароматизаторыэ;;;;
00001224;Ароматизатор Кокос 1701;кг.;;Ароматизаторыэ;;;;
00006143;Ароматизатор Коньяк 9000;кг.;;Ароматизаторыэ;;;;
00001782;Ароматизатор Кофе 1401;кг.;;Ароматизаторыэ;;;;
00009572;Ароматизатор Креветка МА/1 333;кг.;;Ароматизаторыэ;;;;
00003670;Ароматизатор Крем-брюле 7115;кг.;;Ароматизаторыэ;;;;
00001226;Ароматизатор Лесной орех 1991;кг.;;Ароматизаторыэ;;;;
00002324;Ароматизатор Лимон (Австрия);кг.;;Ароматизаторыэ;;;;
00001227;Ароматизатор Лимон (РФ) 1903;кг.;;Ароматизаторыэ;;;;
00000003;Ароматизатор Малина 2002;кг.;;Ароматизаторыэ;;;;
00002837;Ароматизатор Мандарин 2012;кг.;;Ароматизаторыэ;;;;
00001228;Ароматизатор Мед 2301;кг.;;Ароматизаторыэ;;;;
00001229;Ароматизатор Мята 7001;кг.;;Ароматизаторыэ;;;;
00001230;Ароматизатор Персик 7003;кг.;;Ароматизаторыэ;;;;
00001164;Ароматизатор Ром  (РФ) 2802;кг.;;Ароматизаторыэ;;;;
00008604;Ароматизатор Ром (Австрия);кг.;;Ароматизаторыэ;;;;
00001236;Ароматизатор Сгущеное молоко 3301;кг.;;Ароматизаторыэ;;;;
00001593;Ароматизатор Слива 9090;кг.;;Ароматизаторыэ;;;;
00009813;Ароматизатор Смородина 3001;кг.;;Ароматизаторыэ;;;;
00008399;Ароматизатор Творог 3208;кг.;;Ароматизаторыэ;;;;
00003096;Ароматизатор Топленое молоко 3309;кг.;;Ароматизаторыэ;;;;
00001297;Ароматизатор Фруктовое ассорти 3703;кг.;;Ароматизаторыэ;;;;
00003077;Ароматизатор Шоколад 1202;кг.;;Ароматизаторыэ;;;;
00009614;Ванилин (Ваниллар) 1410055;кг.;;Ванилин;;;;
00009806;Ванилин Vanilave;кг.;;Ванилин;;;;
00006568;Ванилин VL-607 ГОСТ фольга 0,5;кг.;;Ванилин;;;;
01918;Ванилин VN-007;кг.;;Ванилин;;;;
00008119;Ванилин VN-107 0,5;кг.;;Ванилин;;;;
00009441;Ванилин VN-307;кг.;;Ванилин;;;;
00007123;"Глазурь шоколад. ""Медовик"" логотип";шт.;;Глазурь;;;;
00008420;"Глазурь шоколадная ""Треугольник белый""";шт.;;Глазурь;;;;
00008621;"Глазурь шоколадная ""Треугольник темный""";шт.;;Глазурь;;;;
00002006;"Напиток шок. ""Голден Чок"" 1л";л;;Глазурь;;;;
00005823;Пралине фисташковое;кг.;;Глазурь;;;;
118;"Пралине хрустящее Крокант ""Лимонное безе"" (ведро)";кг.;;Глазурь;;;;
01758;Шоколад  Ariba Bianko Рani белый;кг.;;Глазурь;;;;
00007511;Шоколад Ariba Fondante Pani 57(36/38) по1кг;кг.;;Глазурь;;;;
00007189;"Шоколад темный ""Ariba Fondente Pani 36/38"" (красный)";кг.;;Глазурь;;;;
00007516;Шоколад Ariba Fondente Pani72 (38/40) по1 кг;кг.;;Глазурь;;;;
00007188;"Шоколад молочный ""Ariba Latte Pani 34/36"" (синий)";кг.;;Глазурь;;;;
00007552;"Шоколад  ""Белый Сargill белый 29% какао";кг.;;Глазурь;;;;
00007520;Шоколад Сargill молочный 34% какао;кг.;;Глазурь;;;;
00009064;Шоколад Сargill Темный 54% какао;кг.;;Глазурь;;;;
01966;Ганаш черный шоколад НАЧИНКА;кг.;;Шоколад;;;;
00007192;"Глазурь  ""Caravella Cover Cocoa""темная";кг.;;Шоколад;;;;
00007193;"Глазурь белая ""Caravella Cover White""";кг.;;Шоколад;;;;
00008409;Глазурь Кавер молоч.(паста) 5 кг;кг.;;Шоколад;;;;
01705;Глазурь конд. белая ГК-2Б Блиссо;кг.;;Шоколад;;;;
01781;Глазурь кондитерская Блиссо дропсы  01-13;кг.;;Шоколад;;;;
00009581;Глазурь кондитерская Блиссо дропсы  02-14;кг.;;Шоколад;;;;
0000001;Глазурь кондитерская Блиссо дропсы  03-14;кг.;;Шоколад;;;;
01695;Глазурь конд.темная 04-14  Блиссо;кг.;;Шоколад;;;;
00008585;Глазурь Мируар ваниль мягкая;кг.;;Шоколад;;;;
00007024;Глазурь палитра (желтый) лимон;кг.;;Шоколад;;;;
00006621;Глазурь палитра (зеленый) яблоко 4ZБС;кг.;;Шоколад;;;;
00003922;Глазурь палитра (красный) клубника 4КБС;кг.;;Шоколад;;;;
00008417;Глазурь палитра (синяя) голубика;кг.;;Шоколад;;;;
00002351;Глазурь помадка белая White N Glossy;кг.;;Шоколад;;;;
00006984;Глазурь помадная белая Fondant 7 кг 230000065;кг.;;Шоколад;;;;
0000103;Глазурь-Помадка Фондант коробка;кг.;;Шоколад;;;;
00004678;Глазурь проф Апельсиновая Аэлита;кг.;;Шоколад;;;;
954;Глазурь проф. Белая  1бс  (Аэлита);кг.;;Шоколад;;;;
00001735;Глазурь помадно-шоколадная Реди Айс;кг.;;Шоколад;;;;
00004676;"Глазурь Соломка ""апельсин""";кг.;;Шоколад;;;;
00006631;"Глазурь Соломка""белая""";кг.;;Шоколад;;;;
00005698;"Глазурь Соломка ""вишня""";кг.;;Шоколад;;;;
00005699;"Глазурь Соломка ""клубника""";кг.;;Шоколад;;;;
00003916;"Глазурь Соломка""лимон""";кг.;;Шоколад;;;;
00003918;"Глазурь Соломка""орех""";кг.;;Шоколад;;;;
00006630;"Глазурь Соломка""темная""";кг.;;Шоколад;;;;
00664;"Глазурь Соломка""яблоко""";кг.;;Шоколад;;;;
0000166;"Глазурь шоколадная ""Квадрат Белый"" 1кг";кг.;;Шоколад;;;;
0000229;"Глазурь шоколадная ""Кофейные зерна""";кг.;;Шоколад;;;;
00007284;"Глазурь шоколадная ""Наполеон"" логотип";шт.;;Шоколад;;;;
0000230;"Глазурь шоколадная ""Орех фундук""";кг.;;Шоколад;;;;
00007122;"Глазурь шоколад  ""Палочки мраморные 1,5кг";кг.;;Шоколад;;;;
0000231;"Глазурь шоколадная ""Сердечко красное"" , 6*1,5кг";кг.;;Шоколад;;;;
0000228;"Глазурь шоколадная ""Треугольник мраморный""";кг.;;Шоколад;;;;
00783;"Глазурь шоколадная ""Хлопья Малахит"" 10 кг";кг.;;Шоколад;;;;
00784;"Глазурь шоколадная ""Хлопья Мраморные"" 10 кг";кг.;;Шоколад;;;;
00785;"Глазурь шоколадная ""Хлопья Янтарь"" 10 кг";кг.;;Шоколад;;;;
00816;"Глазурь шоколадная ""Хлопья Яшма"" 1/10";кг.;;Шоколад;;;;
00003913;"Глазурь шоколадная ""Чизкейк"" логотип";шт.;;Шоколад;;;;
00006198;"Дрожжи ""Воронежские"" 0,5 кг";кг.;;Дрожжи;;;;
00009213;"Дрожжи ""Глорипан""";кг.;;Дрожжи;;;;
00001357;"Дрожжи ""ДСЛ"" Воронеж";кг.;;Дрожжи;;;;
00004202;"Дрожжи ""Пакмая"" 500г";кг.;;Дрожжи;;;;
00001207;"Дрожжи ""Фермипан коричневые""";кг.;;Дрожжи;;;;
00001181;"Дрожжи ""Фермипан красные""";кг.;;Дрожжи;;;;
00001266;"Дрожжи ""Фермипан Софт"" (2 в 1)";кг.;;Дрожжи;;;;
00001204;"Дрожжи ""Фермипан Супер"" 2 в 1";кг.;;Дрожжи;;;;
00002401;Загуститель Медея;кг.;;Загуститель;;;;
01658;Загуститель Микеланджело;кг.;;Загуститель;;;;
0000113;Загуститель Софт Биндерс;кг.;;Загуститель;;;;
00007340;Крахмал картофельный в/с. Россия;кг.;;Загуститель;;;;
00008071;Крахмал картофельный в/сДания;кг.;;Загуститель;;;;
00008107;Крахмал кукурузный;кг.;;Загуститель;;;;
00008834;Пектин цитрусовый;кг.;;Загуститель;;;;
00001623;"Кокосовая стружка ""Медиум""";кг.;;Кокосовая стружка;;;;
00001154;"Кокосовая стружка  ""Файн""";кг.;;Кокосовая стружка;;;;
00002509;"Вишни красн. ""Мараскино"" с палочкой 1,9кг";бан;;Консервированные фрукты;;;;
00001749;Вишня  коктейльн с вет красная ст.б 0,76л;бан;;Консервированные фрукты;;;;
00002010;Вишня засахарен красные ведро;кг.;;Консервированные фрукты;;;;
00135;Вишня засахаренная красная короб 5 кг;кг.;;Консервированные фрукты;;;;
00009733;Молд силиконовый АССОРТИ ЦВЕТОВ (11шт)11*9*1 34727;шт.;;Консервированные фрукты;;;;
0000188;Краситель  Luxomix  Аннато  желт/оранж 0021 натуральный;кг.;;Краситель;;;;
00009322;Краситель Luxomix Антоцианин водораст0050красно-фиолетов натуральный;шт.;;Краситель;;;;
00002877;Краситель Luxomix Бета-каротин водораст0004золот/желтый натуральный;шт.;;Краситель;;;;
00006008;Краситель Luxomix Бета-каротин жирораст0002 золот/желтый натуральный;шт.;;Краситель;;;;
01032;Краситель  Luxomix Кармин жирораств 0033 красная ягода натуральный;шт.;;Краситель;;;;
00009324;Краситель Lexomir уголь;кг.;;Краситель;;;;
00002879;Краситель  Luxomix Хлорофилл вод/жир рств0041зелен натуральный;шт.;;Краситель;;;;
00008465;Краситель Luxomiх  Куркумин вод/жир раств 0040 ярко/желтый натуральный;шт.;;Краситель;;;;
00993;Краситель гелевый CHOCOLATE BROWN 21гр 0245;шт.;;Краситель;;;;
00996;Краситель гелевый DEEP PINK 21гр 0209;шт.;;Краситель;;;;
01004;Краситель гелевый ELECTRIK ORANGE  21гр 0246;шт.;;Краситель;;;;
01012;Краситель гелевый GOLD 21гр 0203;шт.;;Краситель;;;;
01567;Краситель гелевый  MAUVE 21гр 0368;шт.;;Краситель;;;;
01027;Краситель гелевый SKY BLUE 21гр 0250;шт.;;Краситель;;;;
01028;Краситель гелевый SOFT PINK 21гр 0213;шт.;;Краситель;;;;
00006226;Краситель пищ.гелевый Бирюзовый 100г;шт.;;Краситель;;;;
00008531;Краситель пищевой гелевый Голубой 100г;шт.;;Краситель;;;;
00002409;Краситель пищ.гелевый Золотой  100г;шт.;;Краситель;;;;
00005760;Краситель пищ. гелевый Оранжевый 100г;шт.;;Краситель;;;;
00008316;Краситель пищ.гелевый РОЗОВЫЙ (Малиновый) 100г;шт.;;Краситель;;;;
00002408;Краситель пищ.гелевый Серебряный 100г;шт.;;Краситель;;;;
00003931;"Краситель пищевой ""Желтый"" 0,25";шт.;;Краситель;;;;
00002404;"Краситель пищевой ""Зеленый"" 250мл (Е 131,Е132)";шт.;;Краситель;;;;
00002405;"Краситель пищевой ""Лимонный"" 0,25кг.";шт.;;Краситель;;;;
01567;Краситель гелевый  MAUVE 21гр 0368;шт.;;Краситель;;;;
00002406;"Краситель пищевой ""Оранжевый"" 250мл (Е110, Е124)";шт.;;Краситель;;;;
00002407;"Краситель пищевой ""Пурпурно-красный"" (роз.) 0,25кг.";шт.;;Краситель;;;;
01536;Краситель Б Кандурин Золотой  блеск 5г;шт.;;Краситель;;;;
00003080;Красители Кандурин разноцв. 5г;шт.;;Краситель;;;;
00002874;Краситель Серебряный блеск 5г;шт.;;Краситель;;;;
00009434;Краситель Б Коричневый янтарь 5г;шт.;;Краситель;;;;
00009435;Краситель Б Оранжевый янтарь 5г;шт.;;Краситель;;;;
00003102;Краситель пищевой Зеленое яблоко;кг.;;Краситель;;;;
00009529;Краситель Индиго кармин (гол);кг.;;Краситель;;;;
00001196;Краситель Кармуазин;кг.;;Краситель;;;;
00001470;Краситель Понсо 4R  (клубнич) 0,5кг;кг.;;Краситель;;;;
00007647;Краситель Сансет желтый (Солнечный закат) 1кг;кг.;;Краситель;;;;
00001208;Краситель Солнечный закат;кг.;;Краситель;;;;
00001195;Краситель Тартразин 1кг;кг.;;Краситель;;;;
0000159;Йогурт ФРЭШ эконом смесь для конд крема;кг.;;кремы;;;;
00006215;Крем  заварной Ваниль;кг.;;кремы;;;;
01437;"Крем заварной ванильный ""МагияКрем""";кг.;;кремы;;;;
00008523;Крем заварной Дельфия Кальткрем;кг.;;кремы;;;;
00003671;Крем заварной Кремина;кг.;;кремы;;;;
00009582;Крем заварной Садко творог ФСД;кг.;;кремы;;;;
00177;Кремиголд;кг.;;кремы;;;;
00008345;"Смесь для десерта ""Маскарпоне""";л;;кремы;;;;
00005943;"Крем ""Caravella Ante-forno Hazelnut""";кг.;;кремы;;;;
00005944;"Крем ""Какао анте-форно""";кг.;;кремы;;;;
00692;Крем Шок ореховый №61м Аэлита;кг.;;кремы;;;;
01703;Крем Шок Ромовый №67;кг.;;кремы;;;;
01957;Начинка Дольчемикс АбрикосТ;кг.;;кремы;;;;
01653;Начинка Дольчемикс БананТ;кг.;;кремы;;;;
01620;Начинка Дольчемикс Ваниль Т 6N10104;кг.;;кремы;;;;
01933;Начинка Дольчемикс Вишня Т  6N10107;кг.;;кремы;;;;
01500;Начинка Дольчемикс Йогурт Т  6N10110;кг.;;кремы;;;;
01622;Начинка Дольчемикс Карамель Т;кг.;;кремы;;;;
01956;Начинка Дольчемикс Клубника  Т  6N10113;кг.;;кремы;;;;
01978;Начинка Дольчемикс ЛимонТ 6N10119;кг.;;кремы;;;;
01922;Начинка Дольчемикс со вкус сливокТ;кг.;;кремы;;;;
00008323;Начинка Дольчемикс со  вкус яичного ликера 6N10132;кг.;;кремы;;;;
01498;Начинка Дольчемикс со вкусом ореха;кг.;;кремы;;;;
01274;Начинка  Дольчемикс Творог Т  (крупинки)Л063;кг.;;кремы;;;;
01619;Начинка Дольчемикс Творог Т   6N101128;кг.;;кремы;;;;
;мед цветочно-акациевый;кг;;Мед;261;;;
01629;Начинка Дольчемикс Шоколад Т  6N10129;кг.;;кремы;;;;
01694;Начинка желейная Клубника Т;кг.;;кремы;;;;
000004;Начинка кремовая Банан;кг.;;кремы;;;;
00006233;Начинка кремовая Ванильная;кг.;;кремы;;;;
01499;Начинка кремовая Нуга ореховая;кг.;;кремы;;;;
00003742;Начинка кремовая Сливочная;кг.;;кремы;;;;
00009183;Начинка кремовая Сырная со вкусом Эмменталер;кг.;;кремы;;;;
01478;Начинка кремовая Творожная особая зернистая;кг.;;кремы;;;;
01643;Начинка кремовая Творожная особая универсальная;кг.;;кремы;;;;
113;"Начинка ""Мультифил Карамель""для конд.изд.(СиЭсЭм)";кг.;;кремы;;;;
00005835;Начинка форт со вкус апельсина кремовая;кг.;;кремы;;;;
00008327;Начинка форт со вкус яблока с корицей;кг.;;кремы;;;;
00006616;Начинка форт со вкусом вишни Т;кг.;;кремы;;;;
00004166;Начинка форт со вкусом малины Т;кг.;;кремы;;;;
119;"Начинка фруктовая Т ""Фруффи""(СиЭсЭм) 3,3кг.";кг.;;кремы;;;;
01933;Начинка Дольчемикс Вишня Т  6N10107;кг.;;кремы;;;;
01868;Начинка Яблочная сухая Пеппи ФСД;кг.;;кремы;;;;
01325;Жир фритюрный (масло)5 л;л;;Жир;;;;
00006855;Жир фритюрный масло 10 л;л;;Жир;;;;
00006853;"Маргарин ""Домашний"" 60% ЭФКО";кг.;;Маргарин;;;;
00009232;"Маргарин ""Домашний"" МТ 60% (Дмитров)";кг.;;Маргарин;;;;
00009231;"Маргарин  ""Молочный""  (универсальный) МТ 82% (Дмитров)";кг.;;Маргарин;;;;
00104;"Маргарин ""Столовый"" ЭФКО  МТЭкоуниверсал 82%1003-32";кг.;;Маргарин;;;;
00297;Маргарин для выпечки Маргарон CRUSTO Profi 30;кг.;;Маргарин;;;;
007928;Маргарин для кремов ЭФКО ТМ Экокрем 82% 1103-32;кг.;;Маргарин;;;;
00008121;Маргарин для песочного теста ЭФКО ТМ Экопай 82%1404-32;кг.;;Маргарин;;;;
00094;"Маргарин ""Маргарон"" для слоенного теста  82% STRATO Classic/Vita 41 (МаргRк).";кг.;;Маргарин;;;;
00007741;Маргарин для слоенного теста ЭФКО МТС Экослайс 82% 1703-41;кг.;;Маргарин;;;;
00001231;"Маргарин ""Платте круассан"" для слойки";кг.;;Маргарин;;;;
00767;Маргарин Универсальный 82% Маргарон UNI;кг.;;Маргарин;;;;
00001308;Масло для кремов 82 % Маргарон 20 кг.FASTO profi 34;кг.;;Масло;;;;
00007264;Майонез Hjlberg Провансаль 67% ВК 10 ГР ведро 10 л(9,4кг);Ведро;;Майонез;;;;
00005675;Майонез Васаби мягкийй вкус 200мл дой-пак дозат;шт.;;Майонез;;;;
00005674;Майонез Золот зернышко соус 15% Ол 900мл ведро;шт.;;Майонез;;;;
00005780;Майонез Золот зернышко соус15% Ол 220мл дой-пак доз;шт.;;Майонез;;;;
00008299;Майонез Золотое зернышко Провансаль ведро 900 мл 67%;шт.;;Майонез;;;;
00008404;Масло горчичное;кг.;;масло;;;;
00045;Молд силиконовый баба яга и акссесуары 8 шт м0135;шт.;;Майонез;;;;
00002412;Марципан 1:2 22%;кг.;;Мастика марципаны;;;;
01614;Мастика бел 014485 ведро 7 кг Германия 01537;кг.;;Мастика марципаны;;;;
01436;Мастика бел 01490 ведро 12,5 кг Дания;кг.;;Мастика марципаны;;;;
00009486;Мастика паста для моделирования ПРИНЦЕССА;кг.;;Мастика марципаны;;;;
00009765;Мастика сахарная ванильная;кг.;;Мастика марципаны;;;;
0004522;Мастика сахарная ванильная голубая 600г;шт;;Мастика марципаны;;;;
00531;Мастика сахарная ванильная желтая 600г;шт;;Мастика марципаны;;;;
00530;Мастика сахарная ванильная зеленая 600г;шт;;Мастика марципаны;;;;
3;Изюм Афганский;кг;;сухофрукты;;;короб. 12,5 кг;
01962;Мастика сахарная ванильная коричневая  600г;шт;;Мастика марципаны;;;;
00534;Мастика сахарная ванильная красная 600г;шт;;Мастика марципаны;;;;
01510;Мастика сахарная ванильная оранжевая 600г;шт;;Мастика марципаны;;;;
01952;Мастика сахарная ванильная розовая 600г;шт;;Мастика марципаны;;;;
00532;Мастика сахарная ванильная синяя 600г;шт;;Мастика марципаны;;;;
01511;Мастика сахарная ванильная фиолетовая 600гр;шт;;Мастика марципаны;;;;
00533;Мастика сахарная ванильная черная 600г;шт.;;Мастика марципаны;;;;
00009786;"Молд д/мастики ""Малыш и медвежонок"" силикон м2";шт.;;Мастика марципаны;;;;
00253;"Молд-узор для мастики ""Орнамент"" лм21";шт.;;Мастика марципаны;;;;
01134;Молд-форма пластик.Игральные карты 4шт 13478;шт.;;Мастика марципаны;;;;
01193;Молд-форма Узор 4вида 90*90*11мм см039;шт.;;Мастика марципаны;;;;
00001346;смесь для айсинга 500 гр россия 20250;шт.;;Мастика марципаны;;;;
00009791;Трафарет для айсинга 315*75мм 31672;шт.;;Мастика марципаны;;;;
00009785;"Молд д/мастики ""Клоун"" силикон 3,5х8см м5";шт.;;Мастика марципаны;;;;
00009787;"Молд д/мастики ""Медвежья семья"" силикон м4";шт.;;Мастика марципаны;;;;
00005266;Молоко ВАРЕНОЕ сгущенка Особая;кг.;;Сгущенное молоко;;;;
01630;Молоко ВАРЕНОЕ сгущенка Особая белая;кг.;;Сгущенное молоко;;;;
00005361;Молоко ВАРЕНОЕ сгущенка Премиум Т;кг.;;Сгущенное молоко;;;;
00004165;Молоко сгущ. вареное Т короб ЭРКОН;кг.;;Сгущенное молоко;;;;
00002330;Молоко сгущ. вареное (ведро) жир 11%;кг.;;Сгущенное молоко;;;;
01229;"Молоко сгущ. вареное ""Борская"" (коробка-15кг)";кг.;;Сгущенное молоко;;;;
00005877;Молоко сгущ. варёное Борская Термост 12%;кг.;;Сгущенное молоко;;;;
01393;Молоко сгущ. ЛЮКС Варенка 08-10 (ГОЛУБАЯ);кг.;;Сгущенное молоко;;;;
00006326;Молоко сгущ. Н. Кисляй 400г ГОСТ Сгущеные берега;шт.;;Сгущенное молоко;;;;
00007332;Молоко сухое  (1,5%);кг.;;Молоко сухое;;;;
00008444;Мука гречневая ГОСТ;кг.;;Мука;;;;
00009476;Мука кукурузная;кг.;;Мука;;;;
00653;Мука овсяная д/детского питания 30кг.;кг.;;Мука;;;;
амбов;Мука пшеничная в/с (Воронеж);кг.;;Мука;;;;
235;Мука пшенная ТУ;кг.;;Мука;;;;
00006840;Мука ржаная обдирная;кг.;;Мука;;;;
00009243;Мука рисовая;кг.;;Мука;;;;
301;Отруби овсяные;кг.;;Мука;;;;
00003365;Джем Абрикос Термостабильный(14);кг.;;Начинки;;;;
00006589;Начинка желейная Абрикос Т;кг.;;Начинки;;;;
00003052;Начинка желейная Вишня Т;кг.;;Начинки;;;;
000101;Конфитюр Абрикосовый гомогенный Т 14кг.;кг.;;Начинки;;;;
01923;Конфитюр Вишневый гомогенный  14кг.;кг.;;Начинки;;;;
01924;Конфитюр Персиковый гомогенный Т 14кг.;кг.;;Начинки;;;;
0000249;Конфитюр Черная смородина ГОМОГЕННЫЙ Т 14 кг;кг.;;Начинки;;;;
0000116;Конфитюр Абрикосовый  измельченный с кусоч плод -ягодн 12,5 кг;кг.;;Начинки;;;;
00008112;Конфитюр Абрикосовый  с крупн  кусоч плод -ягодн 12,5 кг;кг.;;Начинки;;;;
01740;Конфитюр Ананасовый плодово-ягодный с кус.яг;кг;;Начинки;;;;
00005875;"Конфитюр ""Апельсин с кусоч плодово-ягодн";кг;;Начинки;;;;
0000115;Конфитюр  Апельсиновый с цедрой;кг;;Начинки;;;;
00008109;Конфитюр  Вишня скусоч плод-ягодн;кг;;Начинки;;;;
00663;Конфитюр плод-ягодн Грушовый с кусоч;кг;;Начинки;;;;
00660;Конфитюр плод-ягодн Ежевичный;кг;;Начинки;;;;
01786;Конфитюр КИВИ Т  плодово-ягодный с кус.яг;кг;;Начинки;;;;
00661;Конфитюр плод-ягодн Клубничный;кг;;Начинки;;;;
01741;Конфитюр Клюквенный плод-ягодн с кус12,5 кг;кг;;Начинки;;;;
00008832;Конфитюр  Лимонный с цедрой;кг;;Начинки;;;;
01242;Конфитюр Малиновый с кус.яг плод-ягод12,5;кг.;;Начинки;;;;
00008111;Конфитюр плод-ягодн Персик Т;кг.;;Начинки;;;;
00662;Конфитюр плод-ягодн Черничный;кг.;;Начинки;;;;
00006176;Конфитюр Яблоко;кг.;;Начинки;;;;
00009775;Начинка Яблочная готовая кубики JABEX;кг.;;Начинки;;;;
00009578;Повидло абрикосовое (бочка);кг.;;Начинки;;;;
00002696;Повидло вишневое (бочка) 30кг;кг.;;Начинки;;;;
00005566;Повидло клубничное (бочка) 30 кг;кг.;;Начинки;;;;
00005564;Повидло персиковое (бочка) 30кг;кг.;;Начинки;;;;
00001651;Повидло яблочное (бочка) Россошь 35 кг;кг.;;Начинки;;;;
0000180;Повидло яблочное (бочка) Садовое 35 кг;кг.;;Начинки;;;;
00009180;Повидло яблочное ГОСТ бочка (Обоянь) 30кг;кг.;;Начинки;;;;
0000105;"Начинка ""Anabell"" со вкусом шоколада";кг.;;Начинки;;;;
00009519;Начинка Миндальная для конд. изделий Ла Гласса;кг.;;Начинки;;;;
00005432;"Маковая начинка ""Звёздная""";кг.;;Начинки;;;;
00009570;"Маковая начинка ""Монмак""";кг.;;Начинки;;;;
01509;Маковая начинка 50% ( Пфанл) 10кг;кг.;;Начинки;;;;
00005680;Маковая начинка традиционная;кг.;;Начинки;;;;
00009772;Начинка Орех лесной 24%  10 кг(сухая);кг.;;Начинки;;;;
00009098;Начинка Твороженная Кваркфюлинг;кг.;;Начинки;;;;
00005421;Смесь Сырная (Пфанл);кг.;;Начинки;;;;
00001627;"""Топфенфикс""творожная начинка";кг.;;Начинки;;;;
00007440;Арахис 40/50 неочищ.;кг.;;Орехи;;;;
00007225;Арахис Аргентина очищ.;кг.;;Орехи;;;;
00004359;Арахис дробл. жаренный 2/4мм;кг.;;Орехи;;;;
00006654;Арахис жареный дробл. 3-5мм 12;кг.;;Орехи;;;;
00005829;Арахис обжаренный (лепестки)   8 кг коробка;кг.;;Орехи;;;;
0000183;Арахис обжаренный (лепестки) 4,5 кг  ведро;кг.;;Орехи;;;;
00007525;Арахис Сплит очищенный;кг.;;Орехи;;;;
00001247;Грецкий орех;кг.;;Орехи;;;;
0948;Грецкий орех Экстра;кг.;;Орехи;;;;
00199;Кедровый орех в белой глазури;кг.;;Орехи;;;;
00001694;Кешью обжаренный;кг.;;Орехи;;;;
00005434;Кешью суш.;кг.;;Орехи;;;;
00007965;Миндаль сушеный.30/32;кг.;;Орехи;;;;
00002240;Миндаль/пластинки неочищен.;кг.;;Орехи;;;;
00001644;Миндаль/пластинки очищен;кг.;;Орехи;;;;
00008459;Миндальная мука;кг.;;Орехи;;;;
00006653;Фисташка жарен. соленая 28/30;кг.;;Орехи;;;;
00005435;Фундук сушен.;кг.;;Орехи;;;;
00001200;Кунжут семена отбеленные;кг.;;Семена;;;;
00008428;Семена подсолнеч очищенные ВП;кг.;;Семена;;;;
00002184;Семена подсолнечника сушеные очищ;кг.;;Семена;;;;
00002183;Семечки тыквен. суш очищен;кг.;;Семена;;;;
00009530;Семя льна;кг.;;Семена;;;;
8377;Семя льна;кг.;;Семена;;;;
00005827;"Миндаль обжаренный целый";кг.;;Орех;;;;
01737;Патока 35 кг;кг.;;Сахар;;;;
01902;Сахар;кг.;;Сахар;;;;
00009773;Сахарная пудра ароматизиров термостойкая деко-про;кг.;;Сахар;;;;
00528;"Сахарная пудра нетающая бархатная  ""Бархатная"" ФСД";кг.;;Сахар;;;;
00296;Сахарная пудра коробка 20кг;кг.;;Сахар;;;;
00003089;Сахарная пудра РОССИЯ;кг.;;Сахар;;;;
00004137;Свити сахарная пудра нетающая;кг.;;Сахар;;;;
00009154;Сахарная пудра Сладкий снег;кг.;;Сахар;;;;
00001340;Сахарозам. Аспасвит;кг.;;Сахар;;;;
00001877;Сода весовая;кг.;;сода;;;;
00006972;Яичный порошок;кг.;;;;;;
01278;"Сливки ""Прима Наткрем"" с доб. животн.сливок";кг.;;сливки;;;;
00009216;Сливки ванильно-сливочные (коробка) 10кг;л;;сливки;;;;
00003662;"Сливки ""Декор Ап""";л;;сливки;;;;
00006867;"Сливки ""Декор Ап"" белые";л;;сливки;;;;
00690;Сливки Дукатто 20 л. оранж 302/301;л;;сливки;;;;
0000126;Сливки Дукатто 20 л. 102 желтые/зел;л;;сливки;;;;
00839;Сливки Дэлли Крем Софи;л;;сливки;;;;
00006098;Сливки Завиток Т М;л;;сливки;;;;
00007191;Сливки СКИТ 1 кг Эклектика;л;;сливки;;;;
00009570;"Маковая начинка ""Монмак""";кг.;;Начинки;;;;
00004756;Смесь для бисквита свекольного с медовым вкус 4В31101;кг;;сливки;;;;
00004951;"Смесь для маффина вкус шоколада ""Милк Кейк концентрат""";кг;;сливки;;;;
00672;"Смесь для маффина и бискв ""Пунш Кейк""";кг;;сливки;;;;
00009190;Смесь для песоч теста ND PRIME Bachnmix;кг;;сливки;;;;
00003025;Вишня суш.б/к;кг;;Сухофрукты;;;;
00007564;Изюм б/к Афганистан в/с;кг;;Сухофрукты;;;;
00006070;Изюм Жумбо золотой;кг;;Сухофрукты;;;;
00006071;Изюм Жумбо чёрный;кг;;Сухофрукты;;;;
00009415;Изюм Малояр 10кг;кг;;Сухофрукты;;;;
00002518;Изюм Малояр Aqiq Raisins Иран;кг;;Сухофрукты;;;;
00006803;Изюм Малояр HATAMI 8000 Иран;кг;;Сухофрукты;;;;
00002515;Изюм Султана Голд Иран;кг;;Сухофрукты;;;;
00884;Имбирь подсушенный;кг;;Сухофрукты;;;;
00001463;Инжир сушен.;кг;;Сухофрукты;;;;
00003026;Клюква сушеная;кг;;Сухофрукты;;;;
00007524;Курага в/с  №6 Таджикистан;кг;;Сухофрукты;;;;
00007019;Курага Экстра;кг;;Сухофрукты;;;;
00007176;Сухофрукты для компота (10);кг;;Сухофрукты;;;;
00001985;Финики В/С Заррин;кг;;Сухофрукты;;;;
00001761;Цукаты (АНАНАС ) куб. 8-10мм микс;кг;;Сухофрукты;;;;
00006783;Цукаты (ананас) куб 10 мм Микс;кг;;Сухофрукты;;;;
00006276;Цукаты (АНАНАС) кубики 3-5мм микс  5 кг.;кг;;Сухофрукты;;;;
00002909;Цукаты (АНАНАС) цилиндры Микс;кг;;Сухофрукты;;;;
00005304;Цукаты (АНАНАС) язычки микс;кг;;Сухофрукты;;;;
00008272;Цукаты микс;кг;;Сухофрукты;;;;
00001760;Цукаты (папаи) палочки;кг;;Сухофрукты;;;;
01216;ЧЕРНОСЛИВ  Б/К Узбекистан в/с;кг;;Сухофрукты;;;;
00007350;Чернослив б/к Чили;кг;;Сухофрукты;;;;
00005772;Шиповник суш.;кг;;Сухофрукты;;;;
00007701;Топпинг 1 кг Апельсин (12шт.);шт.;;топпинги;;;;
00811;Топпинг 1кг Ваниль;бут;;топпинги;;;;
00007220;Топпинг Вишня 1кг;шт.;;топпинги;;;;
0000138;Топпинг 1кг Голубое Небо ( Банан+Клубника) вселенная;кг.;;топпинги;;;;
00006187;Топпинг Карамель 1кг;шт.;;топпинги;;;;
00007221;Топпинг Киви 1кг;шт.;;топпинги;;;;
00006188;Топпинг Клубника 1кг;шт.;;топпинги;;;;
01475;Топпинг 1кг Малина;шт.;;топпинги;;;;
284;Топпинг 1кг  Персик;кг.;;топпинги;;;;
00006189;Топпинг Шоколад 1кг;шт.;;топпинги;;;;
1;Кунжут очищенный;кг;;бобы;;;мешок 25 кг;
2;Мак пищевой;кг;;бобы;;;мешок 25 кг;
3;Маш (Мош);кг;;бобы;;;мешок 5 кг;
4;Нут (Горох);кг;;бобы;;;мешок 5 кг;
5;Поп корн (кукуруза);кг;;бобы;;;мешок 5 кг;
6;Рис «Девзира» красный;кг;;бобы;;;мешок 5 кг;
7;Рис «Девзира» белый;кг;;бобы;;;мешок 5 кг;
8;Фасоль белая;кг;;бобы;;;мешок 5 кг;
9;Фасоль красная;кг;;бобы;;;мешок 5 кг;
10;Чечевица;кг;;бобы;;;мешок 5 кг;
1;Изюм «Малояр»;кг;;сухофрукты;;;короб. 10 кг;
2;Изюм «Шигани»;кг;;сухофрукты;;;короб. 10 кг;
3;Изюм Афганский;кг;;сухофрукты;;;короб. 12,5 кг;
4;Изюм голден «Узбекистан»;кг;;сухофрукты;;;короб. 10 кг;
5;Изюм голден «Иран»;кг;;сухофрукты;;;короб. 10 кг;
6;Изюм Джамбо Голден;кг;;сухофрукты;;;короб.10 кг;
7;Изюм Джамбо Флейм;кг;;сухофрукты;;;короб. 10 кг;
8;Изюм сояги «Терма»;кг;;сухофрукты;;;короб. 12,5 кг;
9;Изюм сояги «МО»;кг;;сухофрукты;;;короб. 11 кг;
1;"Курага Индустр. ""Столовая""";кг;;сухофрукты;;;коробка 10 кг;
2;Курага №7-8;кг;;сухофрукты;;;коробка 10 кг;
3;Курага №6;кг;;сухофрукты;;;коробка 10 кг;
4;Курага №3;кг;;сухофрукты;;;коробка 10 кг;
5;Курага №2;кг;;сухофрукты;;;коробка 10 кг;
6;Курага Джамбо;кг;;сухофрукты;;;коробка 5 кг;
7;"Курага Джамбо ""Элитна""";кг;;сухофрукты;;;коробка 5 кг;
8;"Курага ""Шоколадная""";кг;;сухофрукты;;;коробка 10 кг;
9;Урюк №2;кг;;сухофрукты;;;коробка 5 кг;
10;"Урюк ""Шоколадный""";кг;;сухофрукты;;;коробка 5 кг;
1;Курага Индустриальная;кг;;сухофрукты;;;коробка 12,5 кг;
2;Курага №8;кг;;сухофрукты;;;коробка 4,75 кг;
3;Курага №3;кг;;сухофрукты;;;коробка 4,75 кг;
4;Курага №1;кг;;сухофрукты;;;коробка 4,75 кг;
1;Смесь «Ореховая»;кг;;Орехи;;;упак. 1 кг;
2;Смесь «Радуга»;кг;;Орехи;;;упак. 1 кг;
3;Смесь «Спортивная» 0,5 кг;кг;;Орехи;;;упак. 0,5 кг;
4;Смесь «Спортивная» 1 кг;кг;;Орехи;;;упак. 1 кг;
5;Смесь «Фруктово-ягодная»;кг;;Орехи;;;упак. 1 кг;
1;Абрикосовые косточки;кг;;Орехи;;;мешок 5 кг;
2;Арахис Аргентина;кг;;Орехи;;;мешок 5 кг;
3;Арахис бланшированный;кг;;Орехи;;;мешок 5 кг;
4;Арахис в кокосовом соке;кг;;Орехи;;;короб. 5 кг;
5;Арахис обжаренный;кг;;Орехи;;;мешок 5 кг;
6;Арахис Китайский 28/32;кг;;Орехи;;;мешок 5 кг;
7;Арахис в скорлупе;кг;;Орехи;;;мешок 7 кг;
8;Арахис бланшированный соленый;кг;;Орехи;;;мешок 5 кг;
9;Арахис узбекский;кг;;Орехи;;;мешок 5 кг;
10;Бразильский орех;кг;;Орехи;;;мешок 5 кг;
11;Грецкий орех «Бабочка»;кг;;Орехи;;;кор. 10 кг;
12;Грецкий орех «Бабочка» экстра;кг;;Орехи;;;кор. 10 кг;
13;Грецкий орех в скорлупе мытый;кг;;Орехи;;;мешок 5 кг;
14;Грецкий орех очищенный;кг;;Орехи;;;кор. 10 кг;
15;Кедровый орех в скорлупе;кг;;Орехи;;;мешок 5 кг;
16;Кедровый орех очищенный;кг;;Орехи;;;мешок 5 кг;
17;Кедровый орех «Натси» (очищ.);кг;;Орехи;;;мешок 2-12,5 кг;
18;Кешью № 320;кг;;Орехи;;;мешок 5 кг;
19;Кешью № 450;кг;;Орехи;;;мешок 5 кг;
20;Кешью жареный;кг;;Орехи;;;мешок 5 кг;
21;Миндаль 23/25 Nonparel Extra;кг;;Орехи;;;мешок 5 кг;
22;Миндаль 27/30 Nonparel;кг;;Орехи;;;мешок 5 кг;
23;Миндаль жареный;кг;;Орехи;;;мешок 5 кг;
24;Семечки подсолнуха (неочищ.);кг;;Орехи;;;мешок 30 кг;
25;Семечки н/о пузанок;кг;;Орехи;;;мешок 30 кг;
26;Семечки подсолнуха очищенные;кг;;Орехи;;;мешок 5 кг;
27;Тыквенные семечки очищенные;кг;;Орехи;;;мешок 5 кг;
28;Тыквенные семечки в скорлупе;кг;;Орехи;;;мешок 5-10 кг;
29;Фисташки натуральные «Иран»;кг;;Орехи;;;мешок 5 кг;
30;Фисташки натуральные «США»;кг;;Орехи;;;короб. 11,34 кг;
31;Фундук очищенный обжареный;кг;;Орехи;;;мешок 5 кг;
32;Фундук в скорлупе;кг;;Орехи;;;мешок 5 кг;
33;Фундук очищенный Дагестан;кг;;Орехи;;;мешок 5 кг;
34;Фундук очищенный крупный 15++;кг;;Орехи;;;мешок 5 кг;
1;Айва сушеная;кг;;сухофрукты;;;мешок 5 кг;
2;Боярышник;кг;;сухофрукты;;;мешок 5 кг;
3;Вишня сушеная;кг;;сухофрукты;;;мешок 40 кг;
4;Груша сушеная;кг;;сухофрукты;;;мешок 5 кг;
5;Дыня сушеная;кг;;сухофрукты;;;штук. 1, 2;
6;Инжир Экстра;кг;;сухофрукты;;;кор. 6 кг;
7;Инжир Туркел;шт;;сухофрукты;;;короб. 5 кг;
8;Инжир Sunmar 2,5 кг;шт;;сухофрукты;;;короб. 2,5 кг;
9;Смесь Компотная 1 сорт;кг;;сухофрукты;;;мешок 30 кг;
;"Молоко паст. ""Краснодарское"" 2,5 % жирн. в цистернах.";л;;Молоко;;ТУ 9222-001-49464 828-04;;
10;Смесь Компотная в/с;кг;;сухофрукты;;;мешок 30 кг;
11;Смесь Компотная в/с Экстра;кг;;сухофрукты;;;мешок 30 кг;
12;Шиповник Экстра №1;кг;;сухофрукты;;;короб. 8 кг;
13;Шиповник в/с №2;кг;;сухофрукты;;;мешок 10 кг;
14;Шиповник в/с;кг;;сухофрукты;;;мешок 5 кг;
15;Яблоко сушеное;кг;;сухофрукты;;;мешок 5 кг;
1;Чернослив Сафруко 30/40;кг;;сухофрукты;;;коробка 10 кг;
2;Чернослив крупный 10/20;кг;;сухофрукты;;;коробка 10 кг;
3;Чернослив крупный 10/20;кг;;сухофрукты;;;коробка 10 кг;
4;Чернослив средний 30/40;кг;;сухофрукты;;;коробка 10 кг;
5;Чернослив мелкий 70/80;кг;;сухофрукты;;;коробка 10 кг;
6;Чернослив в банках;шт;;сухофрукты;;;коробка 12 шт;
7;Чернослив с косточкой;кг;;сухофрукты;;;коробка 10 кг;
8;Чернослив с косточкой 40/50;кг;;сухофрукты;;;коробка 10 кг;
1;Ананас кольцо;кг;;сухофрукты;;;упак. 5 кг;
2;Ананас Кубики Микс 8-10мм;кг;;сухофрукты;;;упак. 5 кг;
3;Ананас листики Манго;кг;;сухофрукты;;;упак. 5 кг;
4;Ананас листики микс;кг;;сухофрукты;;;упак. 5 кг;
5;Ананас листики желтые;кг;;сухофрукты;;;упак. 5 кг;
6;Ананас палочки желтые;кг;;сухофрукты;;;упак. 5 кг;
7;Ананас палочки микс;кг;;сухофрукты;;;упак. 5 кг;
8;Ананас таблетки микс;кг;;сухофрукты;;;упак. 5 кг;
9;Ананас таблетки желтые;кг;;сухофрукты;;;упак. 5 кг;
10;Ананс кубики желтые;кг;;сухофрукты;;;упак. 5 кг;
11;Папайя со вкусом канталупа;кг;;сухофрукты;;;упак. 5 кг;
12;Папайя палочки;кг;;сухофрукты;;;упак. 5 кг;
13;Папайя кубики 8-10 мм;кг;;сухофрукты;;;упак. 5 кг;
1;Банановые чипсы 6,8 кг;кг;;сухофрукты;;;короб. 6,8 кг;
2;Вишня вяленая 12,5 кг;шт;;сухофрукты;;;упак. 2,5 кг;
3;Грейпфрут полоски;кг;;сухофрукты;;;короб. 7 кг;
4;Груша вяленая;кг;;сухофрукты;;;упак. 2,5 кг;
5;Имбирь в сахаре;кг;;сухофрукты;;;упак. 2 кг;
6;Канталупа тайская дыня;кг;;сухофрукты;;;упак. 5 кг;
7;Киви вяленый;кг;;сухофрукты;;;упак. 1 кг;
8;Клубника сушеная;кг;;сухофрукты;;;упак. 5 кг;
9;Кокос кубики;кг;;сухофрукты;;;короб. 5 кг;
10;Кумкуат лайм зеленый;кг;;сухофрукты;;;упак. 5 кг;
11;Кумкуат лайм красный;кг;;сухофрукты;;;упак. 5 кг;
12;Кумкуат лимон желтый;кг;;сухофрукты;;;упак. 2,5 кг;
13;Манго язычки оранжевые;кг;;сухофрукты;;;упак. 5 кг;
14;Кумкуат мандарин в сиропе;кг;;сухофрукты;;;упак. 2,5-5 кг;
15;Кумкуат мандарин сушеный;кг;;сухофрукты;;;упак. 2,5 кг;
16;Персик вяленый;кг;;сухофрукты;;;упак. 2,5 кг;
17;Помело;кг;;сухофрукты;;;упак. 4 кг;
18;Райское яблоко;кг;;сухофрукты;;;короб. 10 кг;
19;Физалис;кг;;сухофрукты;;;упак. 2,5 кг;
20;Черешня в сиропе;кг;;сухофрукты;;;короб. 7 кг;
21;Томат черри сушеный;кг;;сухофрукты;;;упак. 5 кг;
22;Яблоко кольцо вяленое;кг;;сухофрукты;;;короб. 10 кг;
1;Финики Иран;;;сухофрукты;;;;
76003;Мука миндальная ПРЕМИУМ ;кг;;Премиксы для выпечки;12'348.72;;(пакет 12.5 кг.);
74007;Комп.пищ.добавка премикс САВОЯРДИ микс ;кг;;Премиксы для выпечки;5'688.00;;(мешок 10 кг.);
74009;Комп.пищ.добавка премикс ОВОСИЛ ;кг;;Премиксы для выпечки;1'124.64;;(мешок 0.6 кг.);
74002;Комп.пищ.добавка премикс БИСКВИЗИТ ;кг;;Премиксы для выпечки;3'888.00;;(мешок 15 кг.);
74004;Смесь для мучных изделий КЕЙК ЗЛАКИ ;кг;;Премиксы для выпечки;1'821.60;;(мешок 5 кг.);
74003;Комп.пищ.добавка премикс МУРБЕЛЛА ;кг;;Премиксы для выпечки;3'384.00;;(мешок 15 кг.);
74006;Смесь для мучных изделий ФРОЛЛА ЗЛАКИ ;кг;;Премиксы для выпечки;1'389.60;;(мешок 5 кг.);
74081;Смесь сахаристая ГРИЛЬЯЖ ;кг;;Премиксы для выпечки;288;;(мешок 0.5 кг.);
74044;Комп.пищ.добавка премикс ФЛОМИКС ;кг;;Премиксы для выпечки;309,6;;(мешок 0.6 кг.);
74045;Комп.пищ.добавка премикс ФЛОМИКС 10х0,6 кг. ;кг;;Премиксы для выпечки;3'096.00;;(короб 6 кг.);
74046;Комп.пищ.доб.премикс МАФФИН ;кг;;Премиксы для выпечки;2'196.00;;(мешок 10 кг.);
74048;Премикс БРАУНИ ШОК ;кг;;Премиксы для выпечки;1'836.00;;(мешок 5 кг.);
74050;Комп.пищ.добавка премикс ВАФЛИ/ОЛАДЬИ ;кг;;Премиксы для выпечки;396;;(пакет 1 кг.);
74049;Комп.пищ.добавка премикс АВОЛЕТТА макарунс ;кг;;Премиксы для выпечки;3'960.00;;(мешок 5 кг.);
73014;Крем на растит.маслах КОНДИТЕРСКИЙ 26% ;л;;Сливки;1'240.00;;(короб 12 л.);
73018;Сливки Бризе 30% ;л;;Сливки;3'100.00;;(короб 12 л.);
73023;Сливки Бризе 36% ;л;;Сливки;3'600.00;;(короб 12 л.);
73015;Сливки 33% ;л;;Сливки;3'455.00;;(короб 12 л.);
73016;Сливки 35% ;л;;Сливки;3'340.00;;(короб 12 л.);
73019;Крем на растит.маслах для взбивания 26% ;л;;Сливки;985;;(короб 12 л.);
73021;Крем на растит.маслах для взбивания 26% ;л;;Сливки;808,5;;(короб 10 л.);
73067;Комп.пищ.добавка крем холод.приготов.ПЕРФЕКТА ;кг;;Сливки;3'024.00;;(мешок 10 кг.);
73069;Комп.пищ.добавка крем горяч.приготовл.СОВРАНА ;кг;;Сливки;2'160.00;;(мешок 10 кг.);
73078;Комплексная пищевая добавка премикс ТИРАМИСУ ;кг;;Сливки;1'008.00;;(пакет 1 кг.);
73079;Комплексная пищевая добавка премикс БАВАРЕЗЕ ;кг;;Сливки;936;;(пакет 1 кг.);
73080;Комплексная пищ.доб.премикс ПАННА КОТТА ;кг;;Сливки;972;;(пакет 1 кг.);
73082;Крем десертный МУСС КАКАО ;кг;;Сливки;720;;(пакет 1 кг.);
73084;Комп.пищ.доб.крем десертный классич.ЧИЗКЕЙК ;кг;;Сливки;588;;(пакет 1 кг.);
73088;Комп.пищ.доб.крем дес.АМЕРИК.ЧИЗКЕЙК ;кг;;Сливки;1'260.00;;(пакет 1 кг.);
76032;Премикс горячий шоколад ШОКОЛАДНАЯ ЧАШКА ;кг;;Сливки;612;;(мешок 1 кг.);
72860;Пюре фруктовое МАНГО ;кг;;Фруктовое пюре;1'368.00;;(банка 3.1 кг.);
75144;Паста ПРАЛИНЕ ФИСТАШКА ;кг;;Фруктовое пюре;1'485.00;;(ведро 0.9 кг.);
71011;Глазурь какаосодерж.кондит.ЗАХЕРКРЕМ ;кг;;Фруктовое пюре;2'275.20;;(ведро 6 кг.);
75046;Глазурь пастообразн.конд.ШОКОСМАРТ ;кг;;Фруктовое пюре;1'764.00;;(ведро 5 кг.);
75045;Глазурь пастообразная жир.ШОКОСМАРТ белая ;кг;;Фруктовое пюре;2'016.00;;(ведро 5 кг.);
71109;Шоколадная начинка ВАНДЕРШОК белая ;кг;;Фруктовое пюре;2'736.00;;(ведро 5 кг.);
72799;Начинка КОБЕРШОК БЬЯНКО ;кг;;Фруктовое пюре;2'736.00;;(ведро 6 кг.);
71123;Глазурь пастообразная ГАБРИЭЛА БЕЛАЯ ;кг;;Фруктовое пюре;4'104.00;;(ведро 13 кг.);
71124;Глазурь пастообразная шок.ГАБРИЭЛА ТЕМНАЯ ;кг;;Фруктовое пюре;3'456.00;;(ведро 13 кг.);
75400;Паста шок.орех.ФАРЧИТОЗА ТОП ;кг;;Фруктовое пюре;1'980.00;;(ведро 6 кг.);
75401;Паста шок.орех.ФАРЧИТОЗА ТОП ;кг;;Фруктовое пюре;3'852.00;;(ведро 12 кг.);
75412;Паста шок.орех.ФАРЧИТОЗА ;кг;;Фруктовое пюре;1'598.40;;(ведро 6 кг.);
75402;Паста шок.орех.НОЧЧОЛИТА СУПРЕМ ;кг;;Фруктовое пюре;2'160.00;;(ведро 6 кг.);
75403;Паста шок.орех.НОЧЧОЛИТА СУПРЕМ ;кг;;Фруктовое пюре;3'620.00;;(ведро 12 кг.);
75413;Паста шок.орех.ФАРЧИТОЗА ;кг;;Фруктовое пюре;3'240.00;;(ведро 12 кг.);
75414;Паста шок.орех.ФАРЧИТОЗА ;кг;;Фруктовое пюре;5'040.00;;(ведро 20 кг.);
75405;Паста шок.орех.НОЧЧОЛИТА ТОП ;кг;;Фруктовое пюре;1'980.00;;(ведро 6 кг.);
75406;Паста шок.орех.НОЧЧОЛИТА ТОП ;кг;;Фруктовое пюре;3'852.00;;(ведро 12 кг.);
75408;Паста ореховая НОЧЧИОБЬЯНКА КРУАССАН ;кг;;Фруктовое пюре;2'412.00;;(ведро 6 кг.);
75407;Паста-наполнитель НОВЕЛЛА АВОРИО ;кг;;Фруктовое пюре;1'700.00;;(ведро 6 кг.);
75000;Паста-наполнитель РОКСИКРЕМ ;кг;;Фруктовое пюре;3'150.00;;(ведро 12 кг.);
75002;Паста шок.орех.ДЖАНДУЯ КРУАССАН термостойкая ;кг;;Фруктовое пюре;3'240.00;;(ведро 12 кг.);
75409;Паста ореховая ФИСТАШКА КРЕМ 10 ;кг;;Фруктовое пюре;2'700.00;;(ведро 5 кг.);
75410;Паста ореховая ФИСТАШКА КРЕМ ТОП 15 ;кг;;Фруктовое пюре;3'204.00;;(ведро 5 кг.);
75411;Паста ореховая ФИСТАШКА КРУАССАН ;кг;;Фруктовое пюре;3'456.00;;(ведро 5 кг.);
75001;Глазурь пастообразн.конд.ШОКОКРЕМ ;кг;;Фруктовое пюре;396;;(ведро 1 кг.);
75005;Глазурь пастообразн.конд.ШОКОКРЕМ ;кг;;Фруктовое пюре;6'120.00;;(ведро 25 кг.);
75007;Глазурь пастообр.шок.МОРЕТТА БИТТЕР термост. ;кг;;Фруктовое пюре;540;;(ведро 1 кг.);
75009;Паста шоколадная МОРЕТТА ЭКСТРИМ ;кг;;Фруктовое пюре;540;;(ведро 1 кг.);
75011;Паста шоколадная МОРЕТТА ЭКСТРИМ ;кг;;Фруктовое пюре;2'160.00;;(ведро 6 кг.);
72707;Паста шоколадная КРАНФИЛ КАРАМЕЛЬ ;кг;;Фруктовое пюре;2'268.00;;(ведро 3 кг.);
72708;Паста шоколадная КРАНФИЛ ФИСТАШКА ;кг;;Фруктовое пюре;3'204.00;;(ведро 3 кг.);
72709;Паста шоколадная КРАНФИЛ БЕЛЫЙ ШОКОЛАД ;кг;;Фруктовое пюре;2'592.00;;(ведро 3 кг.);
72710;Паста шоколадная КРАНФИЛ ТЕМНЫЙ ШОКОЛАД ;кг;;Фруктовое пюре;2'448.00;;(ведро 3 кг.);
72723;Паста шоколадная ДЕЛИКРИСП соленая карамель ;кг;;Фруктовое пюре;3'492.00;;(ведро 5 кг.);
72724;Паста шоколадная ДЕЛИКРИСП кокос ;кг;;Фруктовое пюре;2'844.00;;(ведро 5 кг.);
72725;Паста шоколадная ДЕЛИКРИСП красные ягоды ;кг;;Фруктовое пюре;4'968.00;;(ведро 5 кг.);
75014;Паста ПРАЛИНЕ ГРЕЦКИЙ ОРЕХ ;кг;;Фруктовое пюре;1'270.00;;(ведро 0.9 кг.);
75012;Паста ПРАЛИНЕ ДЖАНДУЯ ;кг;;Фруктовое пюре;840;;(ведро 0.9 кг.);
75021;Паста ПРАЛИНЕ АРАХИС-ШОКОЛАД ;кг;;Фруктовое пюре;680;;(ведро 0.9 кг.);
75119;Паста сахарно-ореховая ПРАЛИНЕ (НУГА) светлая ;кг;;Фруктовое пюре;2'592.00;;(пакет 2.5 кг.);
75022;Паста ПРАЛИНЕ МИНДАЛЬ-МЯТА ;кг;;Фруктовое пюре;1'485.00;;(ведро 0.9 кг.);
71237;Начинка ФРУТТИДОР ЯБЛОКО ;кг;;Фруктовое пюре;1'440.00;;(ведро 3.3 кг.);
72796;Начинка ФРУТТИДОР АБРИКОС ;кг;;Фруктовое пюре;1'800.00;;(ведро 3.3 кг.);
72795;Начинка ФРУТТИДОР ЧЕРНИКА ;кг;;Фруктовое пюре;1'872.00;;(ведро 3.3 кг.);
72798;Начинка ФРУТТИДОР АПЕЛЬСИН ;кг;;Фруктовое пюре;1'728.00;;(ведро 3.3 кг.);
72797;Начинка ФРУТТИДОР ПЕРСИК ;кг;;Фруктовое пюре;1'368.00;;(ведро 3.3 кг.);
72727;Начинка ФРУТТИДОР АМАРЕНА ;кг;;Фруктовое пюре;1'893.60;;(ведро 5.5 кг.);
72728;Начинка ФРУТТИДОР ЛЕСНЫЕ ЯГОДЫ ;кг;;Фруктовое пюре;1'764.00;;(ведро 3.3 кг.);
72729;Начинка ФРУТТИДОР ГРУША ;кг;;Фруктовое пюре;1'317.60;;(ведро 3.3 кг.);
72730;Начинка ФРУТТИДОР МАНГО ;кг;;Фруктовое пюре;1'548.00;;(ведро 3.3 кг.);
72731;Начинка ФРУТТИДОР ТРОПИЧЕСКИЕ ФРУКТЫ ;кг;;Фруктовое пюре;1'620.00;;(ведро 3.3 кг.);
72732;Начинка ФРУТТИДОР КЛУБНИКА ;кг;;Фруктовое пюре;1'800.00;;(ведро 3.3 кг.);
72733;Начинка ФРУТТИДОР МАЛИНА ;кг;;Фруктовое пюре;1'908.00;;(ведро 3.3 кг.);
72734;Начинка ФРУТТИДОР КРАСНАЯ ЧЕРЕШНЯ ;кг;;Фруктовое пюре;1'728.00;;(ведро 3.3 кг.);
75036;Начинка КРЕМ ЛИМОН ;кг;;Фруктовое пюре;1'692.00;;(ведро 6 кг.);
75037;Начинка КРЕМ АПЕЛЬСИН ;кг;;Фруктовое пюре;1'692.00;;(ведро 6 кг.);
75038;Начинка КРЕМ ЛЕСНЫЕ ЯГОДЫ И ЙОГУРТ ;кг;;Фруктовое пюре;1'980.00;;(ведро 6 кг.);
75041;Начинка фруктовая ЯБЛОКО ПИНК кубики 12х12 мм ;кг;;Фруктовое пюре;576;;(банка 4.6 кг.);
75073;Начинка фруктовая ЯБЛОКО ПИНК дольки ;кг;;Фруктовое пюре;612;;(банка 4.6 кг.);
75056;Начинка фруктовая ЯБЛОКО дольки ;кг;;Фруктовое пюре;468;;(банка 4.6 кг.);
75170;Начинка фрукт.КОНФРУТТИ черника ;кг;;Фруктовое пюре;2'736.00;;(ведро 5 кг.);
75173;Начинка фрукт.КОНФРУТТИ абрикос ;кг;;Фруктовое пюре;2'232.00;;(ведро 5 кг.);
75175;Паста-пюре фрукт.КОНФРУТТИ НАТУР клубника ;кг;;Фруктовое пюре;720;;(пакет 1 кг.);
75176;Паста-пюре фрукт.КОНФРУТТИ НАТУР малина ;кг;;Фруктовое пюре;936;;(пакет 1 кг.);
75177;Паста-пюре фрукт.КОНФРУТТИ НАТУР садов.ягоды ;кг;;Фруктовое пюре;828;;(пакет 1 кг.);
75178;Паста-пюре фрукт.КОНФРУТТИ НАТУР манго ;кг;;Фруктовое пюре;756;;(пакет 1 кг.);
75179;Паста-пюре фрукт.КОНФРУТТИ НАТУР маракуйя ;кг;;Фруктовое пюре;990;;(пакет 1 кг.);
75180;Паста-пюре фрукт.КОНФРУТТИ НАТУР банан ;кг;;Фруктовое пюре;684;;(пакет 1 кг.);
75181;Паста-пюре фрукт.КОНФРУТТИ НАТУР ананас ;кг;;Фруктовое пюре;864;;(пакет 1 кг.);
75182;Паста-пюре фрукт.КОНФРУТТИ НАТУР абрикос ;кг;;Фруктовое пюре;698,4;;(пакет 1 кг.);
75190;Паста-пюре фрукт.КОНФРУТТИ НАТУР вишня Гриот ;кг;;Фруктовое пюре;756;;(пакет 1 кг.);
75191;Паста-пюре фрукт.КОНФРУТТИ НАТУР мандарин ;кг;;Фруктовое пюре;756;;(пакет 1 кг.);
75192;Паста-пюре фрукт.КОНФРУТТИ НАТУР груша Вильям ;кг;;Фруктовое пюре;684;;(пакет 1 кг.);
70942;Паста кондитерская ДЕКОР СЕРЕБРО ;кг;;Десертная паста;1'296.00;;(банка 1.5 кг.);
70943;Паста кондитерская ДЕКОР ЗОЛОТО ;кг;;Десертная паста;1'368.00;;(банка 1.5 кг.);
70944;Паста кондитерская ДЕКОР БРОНЗА ;кг;;Десертная паста;1'152.00;;(банка 1.5 кг.);
74084;Паста РОМ КРЕОЛЬСКИЙ АРОМА ;кг;;Десертная паста;1'080.00;;(флакон 1 кг.);
74083;Паста ГОРЬКИЙ МИНДАЛЬ АРОМА ;кг;;Десертная паста;1'008.00;;(флакон 1 кг.);
72241;Паста ВАНИЛЬ АРОМА ;кг;;Десертная паста;936;;(флакон 1 кг.);
72242;Паста КОФЕ АРОМА ;кг;;Десертная паста;1'044.00;;(флакон 1 кг.);
72245;Паста ЛИМОН АРОМА ;кг;;Десертная паста;1'008.00;;(флакон 1 кг.);
72246;Паста АПЕЛЬСИН АРОМА ;кг;;Десертная паста;871,2;;(флакон 1 кг.);
72247;Паста КЛУБНИКА АРОМА ;кг;;Десертная паста;900;;(флакон 1 кг.);
72248;Паста ФИСТАШКА АРОМА ;кг;;Десертная паста;864;;(флакон 1 кг.);
72021;Комплексная пищ.добавка премикс ЙОГУРТ-100 ;кг;;Десертная паста;1'152.00;;(пакет 1 кг.);
72018;Комплексная пищевая добавка премикс КОКОС-100 ;кг;;Десертная паста;1'512.00;;(пакет 1 кг.);
72718;Паста десертная КОКОС ;кг;;Десертная паста;2'556.00;;(ведро 3 кг.);
72234;Паста десертная ЛЕСНОЙ ОРЕХ ;кг;;Десертная паста;7'200.00;;(ведро 3 кг.);
72704;Паста десертная МАСКАРПОНЕ ;кг;;Десертная паста;1'440.00;;(банка 1.2 кг.);
72253;Паста десертная ФИСТАШКА ;кг;;Десертная паста;5'760.00;;(ведро 3 кг.);
75204;Паста десертная ФИСТАШКА ИТАЛИЯ НК ;кг;;Десертная паста;5'904.00;;(ведро 3 кг.);
72254;Паста десертная ГРЕЦКИЙ ОРЕХ ;кг;;Десертная паста;6'192.00;;(ведро 3 кг.);
72256;Паста десертная ПЕЧЕНЬЕ ;кг;;Десертная паста;3'384.00;;(ведро 3 кг.);
72258;Паста десертная СЛИВОЧНАЯ КАРАМЕЛЬ ;кг;;Десертная паста;2'736.00;;(ведро 3 кг.);
72263;Паста десертная ВАНИЛЬ КЛАССИК ;кг;;Десертная паста;5'076.00;;(ведро 3 кг.);
72705;Паста десертная ЗАБАЙОНЕ ;кг;;Десертная паста;1'332.00;;(банка 1.2 кг.);
72274;Паста десертная МЯТА ;кг;;Десертная паста;3'096.00;;(ведро 3 кг.);
72289;Паста десертная ШОКОЛАД ;кг;;Десертная паста;2'520.00;;(ведро 3 кг.);
72287;Паста десертная КАРАМЕЛЬ ;кг;;Десертная паста;2'520.00;;(ведро 3 кг.);
72702;Паста десертная ТИРАМИСУ ;кг;;Десертная паста;1'512.00;;(банка 1.2 кг.);
72719;Паста десертная ЖЕВАТЕЛЬНАЯ РЕЗИНКА ;кг;;Десертная паста;2'664.00;;(ведро 3 кг.);
72521;Паста десертная ЛЕСНАЯ ЯГОДА ;кг;;Десертная паста;3'528.00;;(ведро 3 кг.);
72683;Паста десертная МАЛИНА ;кг;;Десертная паста;4'320.00;;(ведро 3 кг.);
72684;Паста десертная ПЕРСИК с кусочками ;кг;;Десертная паста;2'880.00;;(ведро 3 кг.);
72685;Паста десертная МАРАКУЙЯ ;кг;;Десертная паста;3'024.00;;(ведро 3 кг.);
72695;Паста десертная КЛУБНИКА ;кг;;Десертная паста;1'512.00;;(ведро 1.4 кг.);
72696;Паста десертная ДЫНЯ с кусочками ;кг;;Десертная паста;2'700.00;;(ведро 3 кг.);
72697;Паста десертная ЗЕЛЕНОЕ ЯБЛОКО с кусочками ;кг;;Десертная паста;3'168.00;;(ведро 3 кг.);
72698;Паста десертная АНАНАС с кусочками ;кг;;Десертная паста;2'808.00;;(ведро 3 кг.);
72699;Паста десертная БАНАН ;кг;;Десертная паста;2'484.00;;(ведро 3 кг.);
72700;Паста десертная МАНГО с кусочками ;кг;;Десертная паста;3'096.00;;(ведро 3 кг.);
72721;Паста десертная ЛИМОННАЯ ЦЕДРА ;кг;;Десертная паста;864;;(банка 1.5 кг.);
72722;Паста десертная АПЕЛЬСИНОВАЯ ЦЕДРА ;кг;;Десертная паста;936;;(банка 1.5 кг.);
72146;Наполнитель МОЛОЧНЫЙ ШОКОЛАД и злаки ;кг;;топпинг;2'426.40;;(ведро 3 кг.);
72147;Наполнитель ГРАНАТ ;кг;;топпинг;2'167.20;;(ведро 3 кг.);
72497;Топпинг ВИШНЯ ;кг;;топпинг;331,2;;(бутылка 1 кг.);
72496;Топпинг АПЕЛЬСИН ;кг;;топпинг;331,2;;(бутылка 1 кг.);
72495;Топпинг МАРШМЕЛЛОУ ;кг;;топпинг;331,2;;(бутылка 1 кг.);
72494;Топпинг ПРЯНОЕ ПЕЧЕНЬЕ ;кг;;топпинг;421,2;;(бутылка 1 кг.);
72493;Топпинг МАЛИНА ;кг;;топпинг;331,2;;(бутылка 1 кг.);
72717;Топпинг ШОКОЛАД ;кг;;топпинг;331,2;;(бутылка 1 кг.);
72794;Топпинг КЛУБНИКА ;кг;;топпинг;331,2;;(бутылка 1 кг.);
72618;Топпинг КАРАМЕЛЬ ;кг;;топпинг;331,2;;(флакон 1 кг.);
72498;Топпинг МАНГО ;кг;;топпинг;331,2;;(флакон 1 кг.);
72499;Топпинг САДОВЫЕ ЯГОДЫ ;кг;;топпинг;331,2;;(флакон 1 кг.);
72713;Топпинг КИВИ ;кг;;топпинг;324;;(флакон 1.2 кг.);
72706;Наполнитель шоколадный МАКАО ;кг;;топпинг;2'304.00;;(ведро 3 кг.);
72712;Наполнитель ВИШНЯ ;кг;;топпинг;2'304.00;;(ведро 3 кг.);
72720;Наполнитель ШОКОЛАД С ПЕЧЕНЬЕМ ;кг;;топпинг;2'376.00;;(ведро 3 кг.);
72593;Паста десертная АБРИКОС ;кг;;Десертная паста;3'888.00;;(банка 3 кг.);
72801;Паста десертная ЗЕМЛЯНИКА ;кг;;Десертная паста;5'040.00;;(банка 3 кг.);
72802;Паста десертная ВИШНЯ ;кг;;Десертная паста;3'960.00;;(банка 3 кг.);
72522;Паста десертная ГРУША ;кг;;Десертная паста;4'163.76;;(ведро 3 кг.);
72041;Паста десертная ПРЯНОЕ ПЕЧЕНЬЕ ;кг;;Десертная паста;7'200.00;;(банка 5 кг.);
72120;Паста десертная БИТТЕР ЛИМОН ;кг;;Десертная паста;4'212.00;;(ведро 3 кг.);
72150;Паста десертная МЯТА ;кг;;Десертная паста;4'060.80;;(ведро 3 кг.);
72151;Паста десертная МАНДАРИН ;кг;;Десертная паста;4'464.00;;(банка 3 кг.);
72506;Паста десертная ВАНИЛЬ ;кг;;Десертная паста;5'040.00;;(ведро 4.5 кг.);
72507;Паста десертная ВАНИЛЬ БУРБОН ;кг;;Десертная паста;9'000.00;;(ведро 4.5 кг.);
72508;Паста десертная КАРАМЕЛЬ ;кг;;Десертная паста;4'896.00;;(банка 4.5 кг.);
72514;Паста десертная КАПУЧИНО ;кг;;Десертная паста;4'716.00;;(ведро 3 кг.);
72524;Паста десертная КЛУБНИКА ;кг;;Десертная паста;4'032.00;;(банка 3 кг.);
72525;Паста десертная МАНГО ;кг;;Десертная паста;3'996.00;;(банка 3 кг.);
72526;Паста десертная АНАНАС ;кг;;Десертная паста;3'744.00;;(ведро 3 кг.);
72527;Паста десертная ДЫНЯ ;кг;;Десертная паста;3'758.40;;(ведро 3 кг.);
72528;Паста десертная КИВИ ;кг;;Десертная паста;4'032.00;;(банка 3 кг.);
72539;Паста десертная ЧЕРНАЯ СМОРОДИНА ;кг;;Десертная паста;5'241.60;;(ведро 3 кг.);
72562;Паста десертная БАНАН ;кг;;Десертная паста;3'564.00;;(ведро 3 кг.);
72564;Паста десертная АНАНАС ;кг;;Десертная паста;3'715.20;;(ведро 3 кг.);
72565;Паста десертная МАЛИНА ;кг;;Десертная паста;3'715.20;;(ведро 3 кг.);
72577;Паста десертная ЛЕСНЫЕ ЯГОДЫ ;кг;;Десертная паста;4'140.00;;(ведро 3 кг.);
72587;Паста десертная ПЕРСИК ;кг;;Десертная паста;3'715.20;;(ведро 3 кг.);
72591;Паста десертная МАРАКУЙЯ ;кг;;Десертная паста;4'680.00;;(ведро 3 кг.);
72595;Паста десертная РОЗА ;кг;;Десертная паста;3'628.80;;(ведро 3 кг.);
72596;Паста десертная АПЕЛЬСИН ;кг;;Десертная паста;3'852.00;;(ведро 3 кг.);
72599;Паста десертная МАЛАГА ;кг;;Десертная паста;6'264.00;;(банка 5 кг.);
72555;Паста десертная ПИНА КОЛАДА ;кг;;Десертная паста;5'904.00;;(банка 4 кг.);
72575;Паста десертная ВИСКИКРЕМ ;кг;;Десертная паста;9'360.00;;(банка 4.5 кг.);
72543;Паста десертная БИСКОТТО ;кг;;Десертная паста;6'840.00;;(ведро 4.5 кг.);
72579;Паста десертная АМАЛЬФИ ;кг;;Десертная паста;9'216.00;;(банка 3.5 кг.);
72542;Паста десертная НЬЮ ЙО ;кг;;Десертная паста;9'000.00;;(ведро 4.5 кг.);
72515;Паста десертная ТИРАМИСУ ;кг;;Десертная паста;5'760.00;;(ведро 4 кг.);
72548;Паста десертная МЕКРАФ ;кг;;Десертная паста;9'360.00;;(банка 4 кг.);
72553;Паста десертная МИСТЕР НИКО ;кг;;Десертная паста;6'480.00;;(ведро 4 кг.);
72552;Паста десертная НОЧЧИОЛА-ЛА-ЛА ;кг;;Десертная паста;19'080.00;;(банка 5 кг.);
72554;Паста десертная ФИСТАШКА СИЦИЛИЙСКАЯ ;кг;;Десертная паста;31'104.00;;(банка 4 кг.);
72556;Паста десертная ФИСТАШКА ЧИСТАЯ ;кг;;Десертная паста;23'832.00;;(ведро 4 кг.);
72572;Паста десертная ЛАЗУРЬ ;кг;;Десертная паста;6'552.00;;(банка 5 кг.);
72574;Паста десертная БУБЛЬГУМ ;кг;;Десертная паста;7'704.00;;(банка 5 кг.);
72537;Паста десертная ПЕРСИК ;кг;;Десертная паста;3'096.00;;(ведро 2.5 кг.);
72576;Паста десертная ЗЕЛЕНЫЙ ЧАЙ ;кг;;Десертная паста;4'334.40;;(банка 2.5 кг.);
72516;Паста десертная ГРУША ;кг;;Десертная паста;3'528.00;;(ведро 2.5 кг.);
72582;Паста десертная МАНДАРИН ;кг;;Десертная паста;3'600.00;;(банка 2.5 кг.);
72566;Паста десертная ГУСТОКРЕМ ЛАЙМЕТТА ;кг;;Десертная паста;2'880.00;;(банка 1.5 кг.);
72567;Паста десертная ГУСТОКРЕМ АПЕЛЬСИН ;кг;;Десертная паста;2'880.00;;(банка 1.5 кг.);
72563;Паста десертная ЧЕРРИ МАНИЯ ;кг;;Десертная паста;7'632.00;;(банка 5 кг.);
72580;Паста десертная РОЗОВЫЙ ГРЕЙПФРУТ ;кг;;Десертная паста;3'888.00;;(банка 2.5 кг.);
72585;Паста десертная ТРОПИК ;кг;;Десертная паста;3'672.00;;(банка 2.5 кг.);
72637;Паста десертная ЗЕЛЕНОЕ ЯБЛОКО ;кг;;Десертная паста;3'801.60;;(ведро 3 кг.);
84080;Черешня красная МИНИ 14/16 мм.НАППИ ;кг;;Цукаты;2'628.00;;(короб 5 кг.);
84129;Черешня засах.красная 20/22 мм.с веточкой ;кг;;Цукаты;3'456.00;;(короб 5 кг.);
84131;Черешня засах.красная 20/22 мм.с веточкой ;кг;;Цукаты;720;;(короб 0.9 кг.);
84134;Черешня засах.красная 18/20 мм ИТАЛКАНДИТИ ;кг;;Цукаты;1'944.00;;(короб 4 кг.);
84081;Черешня засах.красная 20/22 мм.НАППИ ;кг;;Цукаты;2'088.00;;(короб 5 кг.);
84017;Черешня засах.красная 20/22 мм.АМБРОЗИО ;кг;;Цукаты;2'160.00;;(короб 5 кг.);
84014;Черешня засах.черная 20/22 мм.АМБРОЗИО ;кг;;Цукаты;2'376.00;;(короб 5 кг.);
84019;Черешня засах.зеленая 20/22 мм.АМБРОЗИО ;кг;;Цукаты;2'304.00;;(короб 5 кг.);
84018;Черешня засах.желтая 20/22 мм.АМБРОЗИО ;кг;;Цукаты;2'232.00;;(короб 5 кг.);
84133;Апельсиновые засах. дольки ИТАЛКАНДИТИ ;кг;;Цукаты;4'896.00;;(короб 10 кг.);
84023;Апельсин.корочка засах.кубик.6х6 мм.АМБРОЗИО ;кг;;Цукаты;1'008.00;;(короб 5 кг.);
84088;Апельсиновая корочка засах.куб.6х6 мм.НАППИ ;кг;;Цукаты;2'016.00;;(короб 10 кг.);
84086;Апельсиновая корочка засах.куб.4х4 мм.НАППИ ;кг;;Цукаты;1'044.00;;(короб 5 кг.);
84075;Апельсин.корочка засах.кубик.4х4 мм.АМБРОЗИО ;кг;;Цукаты;1'044.00;;(короб 5 кг.);
84027;Лимонная.корочка засах.кубик.6х6 мм.АМБРОЗИО ;кг;;Цукаты;1'224.00;;(короб 5 кг.);
84085;Лимонная корочка засах.кубик 6х6 мм.НАППИ ;кг;;Цукаты;1'260.00;;(короб 5 кг.);
84084;Лимонная корочка засах.кубик 4х4 мм.НАППИ ;кг;;Цукаты;1'260.00;;(короб 5 кг.);
84074;Лимонная.корочка засах.кубик.4х4 мм.АМБРОЗИО ;кг;;Цукаты;1'260.00;;(короб 5 кг.);
84060;Апельсин.корочка засах.полоска.6х60 мм. ;кг;;Цукаты;2'880.00;;(короб 5 кг.);
84061;Лимонная корочка засах.полоска.6х60 мм. ;кг;;Цукаты;3'528.00;;(короб 5 кг.);
84125;Фрукты засах.ассорти кубик.6х6 мм ;кг;;Цукаты;1'224.00;;(короб 5 кг.);
84057;Фрукты засах.разноцвет.кубик.6х6 мм.АМБРОЗИО ;кг;;Цукаты;1'224.00;;(короб 5 кг.);
84073;Фрукты засах.разноцвет.кубик.4х4 мм.АМБРОЗИО ;кг;;Цукаты;1'375.20;;(короб 5 кг.);
84041;Мандарин засах.целый АМБРОЗИО ;кг;;Цукаты;1'800.00;;(короб 5 кг.);
84043;Груша засах.целая красная АМБРОЗИО ;кг;;Цукаты;2'376.00;;(короб 5 кг.);
84047;Груша засах.целая зеленая АМБРОЗИО ;кг;;Цукаты;2'376.00;;(короб 5 кг.);
84049;Фрукты засах.целые ассорти АМБРОЗИО ;кг;;Цукаты;2'376.00;;(короб 5 кг.);
84076;Черешня АМАРЕНА в сиропе с веточкой 20/22 мм. ;кг;;Цукаты;2'304.00;;(банка 3.3 кг.);
84077;Черешня АМАРЕНА в сиропе 18/20 мм. ;кг;;Цукаты;518,4;;(банка 1 кг.);
84078;Черешня АМАРЕНА в сиропе 20/22 мм. ;кг;;Цукаты;2'376.00;;(банка 5 кг.);
84126;Черешня засах.АМАРЕНА ЭКСТРА14/16 мм ;кг;;Цукаты;828;;(короб 1 кг.);
84062;Лимонная корочка засах.кубик.9х9 мм.ЭКСТРА ;кг;;Цукаты;1'584.00;;(короб 5 кг.);
84026;Апельсин.корочка засах.кубик.9х9 мм.ЭКСТРА ;кг;;Цукаты;4'536.00;;(короб 10 кг.);
84002;Черешня с вет.коктейльная красн.Мараскино ;кг;;Цукаты;2'016.00;;(банка 4.8 кг.);
84124;Черешня КОКТЕЙЛЬ с веточкой красн.20/22 мм. ;кг;;Цукаты;2'052.00;;(банка 4.8 кг.);
84120;Черешня КОКТЕЙЛЬ с веточкой красн.18/20 мм. ;кг;;Цукаты;900;;(банка 1.95 кг.);
84001;Черешня с вет.коктейльная красн.Мараскино ;кг;;Цукаты;1'224.00;;(банка 3 кг.);
84148;Черешня КОКТЕЙЛЬ с веточкой красн. ;кг;;Цукаты;1'224.00;;(банка 3 кг.);
84147;Черешня КОКТЕЙЛЬ с веточкой красн. ;кг;;Цукаты;2'016.00;;(банка 4.8 кг.);
84149;Черешня КОКТЕЙЛЬ с веточкой желтая ;кг;;Цукаты;1'080.00;;(банка 3 кг.);
84150;Черешня КОКТЕЙЛЬ с веточкой зеленая ;кг;;Цукаты;1'080.00;;(банка 3 кг.);
84151;Черешня КОКТЕЙЛЬ с веточкой красн. НК ;кг;;Цукаты;1'224.00;;(банка 3 кг.);
84153;Черешня КОКТЕЙЛЬ с веточкой красн. ;кг;;Цукаты;432;;(банка 0.95 кг.);
84154;Черешня КОКТЕЙЛЬ с веточкой красн. ;кг;;Цукаты;432;;(банка 0.75 кг.);
84163;Черешня КОКТЕЙЛЬ с веточкой зелен. ;кг;;Цукаты;450;;(банка 0.95 кг.);
84173;Черешня КОКТЕЙЛЬ с веточкой желтая ;кг;;Цукаты;432;;(банка 0.95 кг.);
71152;Глазурь БРИЛЛО КЛУБНИКА ;кг;;Глазурь;1'949.04;;(ведро 6 кг.);
71119;Глазурь БРИЛЛО КАРАМЕЛЬ ;кг;;Глазурь;1'656.00;;(ведро 6 кг.);
71117;Глазурь БРИЛЛО ШОКОЛАД ;кг;;Глазурь;1'728.00;;(ведро 6 кг.);
71118;Глазурь БРИЛЛО БЕЛЫЙ ШОКОЛАД ;кг;;Глазурь;2'016.00;;(ведро 6 кг.);
70006;Глазурь желейная БРИЛГЕЛЬ ;кг;;Глазурь;1'620.00;;(ведро 6 кг.);
70001;Глазурь желейная БРИЛГЕЛЬ ;кг;;Глазурь;396;;(ведро 1 кг.);
70022;Глазурь желейная ФРИО ;кг;;Глазурь;1'512.00;;(ведро 7 кг.);
70043;Глазурь желейная КОЛДГЕЛЬ NEW ;кг;;Глазурь;1'188.00;;(ведро 6 кг.);
70101;Глазурь желейная ДЕКОРГЕЛЬ нейтральная ;кг;;Глазурь;432;;(ведро 1 кг.);
70325;Глазурь желейная абрикосовая ;кг;;Глазурь;4'248.00;;(ведро 25 кг.);
70401;Глазурь желейная НОВОГЕЛЬ нейтральная ;кг;;Глазурь;360;;(ведро 1 кг.);
70406;Глазурь желейная НОВОГЕЛЬ нейтральная ;кг;;Глазурь;1'332.00;;(ведро 6 кг.);
70408;Глазурь желейная НОВОГЕЛЬ нейтральная ;кг;;Глазурь;2'484.00;;(ведро 12 кг.);
70026;Глазурь желейная РОЯЛГЕЛЬ ;кг;;Глазурь;3'204.00;;(ведро 14 кг.);
70937;Глазурь гляссажная КОВЕРГЛАС ШОКОЛАД ;кг;;Глазурь;720;;(ведро 3 кг.);
70948;Глазурь гляссажная КОВЕРГЛАС БЕЛЫЙ ШОКОЛАД ;кг;;Глазурь;770,4;;(ведро 3 кг.);
70946;Глазурь гляссажная КОВЕРГЛАС КЛУБНИКА ;кг;;Глазурь;770,4;;(ведро 3 кг.);
70947;Глазурь гляссажная КОВЕРГЛАС ЛАЙМ ;кг;;Глазурь;792;;(ведро 3 кг.);
70945;Глазурь гляссажная КОВЕРГЛАС КАРАМЕЛЬ ;кг;;Глазурь;770,4;;(ведро 3 кг.);
70955;Глазурь гляссажная КОВЕРГЛАС КАРАМЕЛЬ МУ ;кг;;Глазурь;828;;(ведро 3 кг.);
70926;Глазурь мягкая МИРУАР АПЕЛЬСИН ;кг;;Глазурь;1'512.00;;(ведро 3 кг.);
70927;Глазурь мягкая МИРУАР ВАНИЛЬ ;кг;;Глазурь;1'584.00;;(ведро 3 кг.);
70928;Глазурь мягкая МИРУАР КЛУБНИКА ;кг;;Глазурь;1'584.00;;(ведро 3 кг.);
70929;Глазурь мягкая МИРУАР ФИСТАШКА ;кг;;Глазурь;1'512.00;;(ведро 3 кг.);
70930;Глазурь желейная МИРУАР ШОКОЛАД ;кг;;Глазурь;1'476.00;;(ведро 3 кг.);
71100;Шоколад темный 36/38 ;кг;;шоколад;4'802.40;;(короб 10 кг.);
71101;Шоколад молочный 30/32 ;кг;;шоколад;4'464.00;;(короб 10 кг.);
71102;Шоколад белый 32/34 ;кг;;шоколад;4'939.20;;(короб 10 кг.);
71103;Шоколад темный 36/38 ;кг;;шоколад;1'375.20;;(пакет 2.5 кг.);
71104;Шоколад молочный 30/32 ;кг;;шоколад;1'296.00;;(пакет 2.5 кг.);
71110;Шоколад белый 32/34 ;кг;;шоколад;1'512.00;;(пакет 2.5 кг.);
71112;Шоколад темный ШОКО НЕРО 72% ;кг;;шоколад;5'328.00;;(короб 10 кг.);
71113;Шоколад темный ШОКО НЕРО 52% ;кг;;шоколад;4'248.00;;(короб 10 кг.);
71114;Шоколад молочный ШОКО ЛАТТЕ 30% ;кг;;шоколад;4'896.00;;(короб 10 кг.);
71116;Шоколад белый ШОКО БЬЯНКО 34/36 ;кг;;шоколад;5'256.00;;(короб 10 кг.);
71142;Посыпка шоколадная КРОШКА ТЕМНАЯ ;кг;;шоколад;432;;(мешок 1 кг.);
71132;Посыпка шоколадная КРОШКА ТЕМНАЯ ;кг;;шоколад;2'016.00;;(мешок 5 кг.);
71143;Посыпка шоколадная КРОШКА МОЛОЧНАЯ ;кг;;шоколад;432;;(мешок 1 кг.);
71144;Посыпка шоколадная КРОШКА БЕЛАЯ ;кг;;шоколад;540;;(мешок 1 кг.);
71136;Посыпка шоколадная ВЕРМИШЕЛЬ БЕЛАЯ ;кг;;шоколад;2'520.00;;(мешок 5 кг.);
71145;Посыпка шоколадная ВЕРМИШЕЛЬ ТЕМНАЯ ;кг;;шоколад;432;;(мешок 1 кг.);
71146;Посыпка шоколадная ВЕРМИШЕЛЬ МОЛОЧНАЯ ;кг;;шоколад;432;;(мешок 1 кг.);
71147;Посыпка шоколадная ВЕРМИШЕЛЬ БЕЛАЯ ;кг;;шоколад;504;;(мешок 1 кг.);
71141;Какао-масло ;кг;;какао;4'176.00;;(ведро 4 кг.);
71190;Какао-масло ;кг;;какао;828;;(ведро 0.75 кг.);
71172;Какао-масло ;кг;;какао;4'032.00;;(ведро 4 кг.);
71140;Какао-паста ;кг;;какао;2'592.00;;(короб 4 кг.);
71150;Какао-порошок 10/12 ;кг;;какао;430,56;;(пакет 1 кг.);
71138;Какао-порошок 22/24 ;кг;;какао;576;;(пакет 1 кг.);
71151;Какао-порошок 22/24 10х1 кг. ;кг;;какао;5'760.00;;(короб 10 кг.);
71148;Какао-порошок 22/24 ;кг;;какао;547,2;;(пакет 1 кг.);
71149;Какао-порошок 22/24 ;кг;;какао;9'792.00;;(мешок 20 кг.);
71106;Глазурь сахарная белая ;кг;;глазурь;3'636.00;;(ведро 25 кг.);
71115;Глазурь сахарная ;кг;;глазурь;2'448.00;;(короб 15 кг.);
71107;Глазурь сахарная ФОНДАНТ СОФТ ;кг;;глазурь;2'592.00;;(ведро 14 кг.);
71210;Глазурь сахарн.ореховая РЕАЛ ;кг;;глазурь;432;;(мешок 1 кг.);
71031;"Глазурь кондит.""Шок.термостаб.капли 1200"" ";кг;;глазурь;432;;(мешок 1 кг.);
71037;"Глазурь кондит.""Шок.термостаб.капли 1600"" ";кг;;глазурь;432;;(мешок 1 кг.);
71125;Глазурь белая КИРОН ;кг;;глазурь;3'600.00;;(короб 10 кг.);
71126;Глазурь какаосодержащая КИРОН ;кг;;глазурь;3'312.00;;(короб 10 кг.);
71033;"Глазурь кондит.""Шок.термостаб.капли 1200"" ";кг;;глазурь;7'200.00;;(мешок 25 кг.);
71039;"Глазурь кондит.""Шок.термостаб.капли 1600"" ";кг;;глазурь;7'344.00;;(мешок 25 кг.);
71046;"Глазурь белая ""Шок.термостаб.капли 1600"" ";кг;;глазурь;3'528.00;;(короб 10 кг.);
71001;"Глазурь кондит.""Шок.диски ИТАЛИКА"" ";кг;;глазурь;446,4;;(мешок 1 кг.);
71005;"Глазурь кондит.""Шок.диски ИТАЛИКА"" ";кг;;глазурь;6'768.00;;(мешок 25 кг.);
71016;"Глазурь какаосодерж.конд.""Шок.диски ТОПКОВЕР"" ";кг;;глазурь;3'960.00;;(короб 10 кг.);
71018;"Глазурь белая ""Шок.диски ТОПКОВЕР"" ";кг;;глазурь;3'672.00;;(мешок 10 кг.);
71042;"Глазурь белая ""Шок.диски ИТАЛИКА"" ";кг;;глазурь;504;;(мешок 1 кг.);
71044;"Глазурь белая ""Шок.диски ИТАЛИКА"" ";кг;;глазурь;7'920.00;;(мешок 25 кг.);
71087;"Глазурь ""М"" Молочный шоколад ";кг;;глазурь;4'086.72;;(ведро 2.5 кг.);
71079;"Глазурь ""М"" Шоколад ";кг;;глазурь;6'984.00;;(банка 5.5 кг.);
71081;"Глазурь ""М"" Белый шоколад ";кг;;глазурь;2'736.00;;(ведро 2.3 кг.);
71083;"Глазурь ""М"" Фисташка ";кг;;глазурь;6'480.00;;(ведро 2.3 кг.);
71084;"Глазурь ""М"" Лесной орех ";кг;;глазурь;3'456.00;;(ведро 2.3 кг.);
71088;"Глазурь ""М"" Клубника ";кг;;глазурь;3'600.00;;(ведро 2.5 кг.);
71086;"Глазурь ""М"" Лимон ";кг;;глазурь;3'168.00;;(ведро 2.3 кг.);
00006392;Венская помадка;кг.;4;Кондитерские смеси;;;;
00002423;"Венский пирог микс ""Бакальдрин""";кг.;9;Кондитерские смеси;;;;
00007110;Духи сухие;кг.;5;Кондитерские смеси;;;;
00007199;ИЗИ Бисквит  смесь;кг.;3;Кондитерские смеси;;;;
589;Изи Бисквит Какао;кг.;8;Кондитерские смеси;;;;
0000198;ИЗИ  Старт (для бездрожжевых изделий);кг.;9;Кондитерские смеси;;;;
00009152;Кейк Микс (бисквит,кекс,печенье) 25 кг;кг.;3;Кондитерские смеси;;;;
00006391;Концентрат для пончиков Бакальдрин;кг.;1;Кондитерские смеси;;;;
01235;Макарони микс смесь миндально-белковая;кг.;6;Кондитерские смеси;;;;
0000132;Макарони  смесь шоколадная Баргус 4В90201;кг.;3;Кондитерские смеси;;;;
00006139;Микс Захер;кг.;8;Кондитерские смеси;;;;
01326;Пурамаффин;кг.;5;Кондитерские смеси;;;;
0322;Смесь для бисквита  Красный Бархат;кг.;10;Кондитерские смеси;;;;
00008346;"Смесь для бисквита  основного  ""Экстра"" 4В40101";кг.;8;Кондитерские смеси;;;;
00008344;Смесь для бисквита Супер Бисквит новый;кг.;6;Кондитерские смеси;;;;
225;"Смесь для заварного теста ""Шу Микс""(СиЭсЭм)";кг.;7;Кондитерские смеси;;;;
00004763;Смесь для кекса и маф шоколад (мучная) Росмикс 04119;кг.;5;Кондитерские смеси;;;;
00004894;Смесь для кекса и маффина (мучная) Росмикс 04102;кг.;1;Кондитерские смеси;;;;
01459;"Смесь для маффинов""Королевский ШокоМаффин 12-ти%""10кг";кг.;5;Кондитерские смеси;;;;
00009396;"Смесь для маффина ""Профи-Маффин""";кг.;6;Кондитерские смеси;;;;
2358;Смесь для маффина (белая) 4В30504;кг.;2;Кондитерские смеси;;;;
00007058;Смесь  для маффина Ваниль20;кг.;8;Кондитерские смеси;;;;
00694;Смесь для маффина ФА Маффин Ванильно-сливочный;кг.;3;Кондитерские смеси;;;;
00695;Смесь для маффина ФА Маффин Шоколадный Экстра;кг.;2;Кондитерские смеси;;;;
00017;Смесь Имбирный пряник;кг.;1;Кондитерские смеси;;;;
00004808;Смесь  Кондитер Микс;кг.;9;Кондитерские смеси;;;;
00835;"Смесь конц.""Монтемикс"" 45/01Ш";кг.;7;Кондитерские смеси;;;;
00005998;"Смесь конц. для маффинов ""Маффин С20""";кг.;8;Кондитерские смеси;;;;
00836;Смесь Монабейк 60/03;кг.;5;Кондитерские смеси;;;;
00838;Смесь Монабейк 60/05;кг.;10;Кондитерские смеси;;;;
01198;Смесь Монтебисквит 12/05;кг.;7;Кондитерские смеси;;;;
00832;Смесь Монтебисквит 12/05 Ш;кг.;4;Кондитерские смеси;;;;
00898;Смесь Монтемикс 45/01;кг.;1;Кондитерские смеси;;;;
00883;Смесь Монтемикс 45/01 Ш;кг.;2;Кондитерские смеси;;;;
01196;Смесь Профимикс 25/01;кг.;4;Кондитерские смеси;;;;
00003074;Смесь Сдоба Микс;кг.;9;Кондитерские смеси;;;;
